{
"type": "FeatureCollection",
"name": "At-Grade_Railroad_Crossings_renamed",
"crs": { "type": "name", "properties": { "name": "urn:ogc:def:crs:EPSG::26929" } },
"features": [
{ "type": "Feature", "properties": { "fid": 1, "Crossing ID": "352230X", "Street": "TRAFFORD WARRIOR RD", "crossing_position": "At Grade", "Trains per day": 18.0, "Total Incidents (Since 1975)": 0, "Total Fatalities (Since 1975)": 0, "Total Injuries (Since 1975)": 0, "Total Incidents (2015–2025)": 0, "Total Fatalities (2015–2025)": 0, "Total Injuries (2015–2025)": 0, "Latitude": 33.8201299, "Longitude": -86.7432968, "Annual average daily traffic count": 1990.0, "Annual average daily traffic year": 2011.0 }, "geometry": { "type": "Point", "coordinates": [ 115758.467013562505599, 368526.27506793307839 ] } },
{ "type": "Feature", "properties": { "fid": 2, "Crossing ID": "352231E", "Street": "SECOND ST", "crossing_position": "At Grade", "Trains per day": 17.0, "Total Incidents (Since 1975)": 2, "Total Fatalities (Since 1975)": 0, "Total Injuries (Since 1975)": 0, "Total Incidents (2015–2025)": 0, "Total Fatalities (2015–2025)": 0, "Total Injuries (2015–2025)": 0, "Latitude": 33.8170764, "Longitude": -86.7429188, "Annual average daily traffic count": 600.0, "Annual average daily traffic year": 2011.0 }, "geometry": { "type": "Point", "coordinates": [ 115790.468685324507533, 368187.270828735257965 ] } },
{ "type": "Feature", "properties": { "fid": 3, "Crossing ID": "352232L", "Street": "CROWE DR", "crossing_position": "At Grade", "Trains per day": 19.0, "Total Incidents (Since 1975)": 2, "Total Fatalities (Since 1975)": 0, "Total Injuries (Since 1975)": 0, "Total Incidents (2015–2025)": 0, "Total Fatalities (2015–2025)": 0, "Total Injuries (2015–2025)": 0, "Latitude": 33.8066202, "Longitude": -86.7442018, "Annual average daily traffic count": 20.0, "Annual average daily traffic year": 2011.0 }, "geometry": { "type": "Point", "coordinates": [ 115661.420917470924906, 367028.517822304100264 ] } },
{ "type": "Feature", "properties": { "fid": 4, "Crossing ID": "352236N", "Street": "BRASHER RD", "crossing_position": "At Grade", "Trains per day": 19.0, "Total Incidents (Since 1975)": 2, "Total Fatalities (Since 1975)": 1, "Total Injuries (Since 1975)": 0, "Total Incidents (2015–2025)": 1, "Total Fatalities (2015–2025)": 1, "Total Injuries (2015–2025)": 0, "Latitude": 33.767241, "Longitude": -86.7519852, "Annual average daily traffic count": 280.0, "Annual average daily traffic year": 2011.0 }, "geometry": { "type": "Point", "coordinates": [ 114901.762773131544236, 362666.986774034623522 ] } },
{ "type": "Feature", "properties": { "fid": 5, "Crossing ID": "352239J", "Street": "HAPPY TOP RD", "crossing_position": "At Grade", "Trains per day": 18.0, "Total Incidents (Since 1975)": 4, "Total Fatalities (Since 1975)": 0, "Total Injuries (Since 1975)": 1, "Total Incidents (2015–2025)": 0, "Total Fatalities (2015–2025)": 0, "Total Injuries (2015–2025)": 0, "Latitude": 33.7459838, "Longitude": -86.7527959, "Annual average daily traffic count": 310.0, "Annual average daily traffic year": 2011.0 }, "geometry": { "type": "Point", "coordinates": [ 114805.62955215756665, 360309.824254275648855 ] } },
{ "type": "Feature", "properties": { "fid": 6, "Crossing ID": "352240D", "Street": "MORRIS MAJESTIC RD", "crossing_position": "At Grade", "Trains per day": 18.0, "Total Incidents (Since 1975)": 2, "Total Fatalities (Since 1975)": 1, "Total Injuries (Since 1975)": 0, "Total Incidents (2015–2025)": 0, "Total Fatalities (2015–2025)": 0, "Total Injuries (2015–2025)": 0, "Latitude": 33.7302205, "Longitude": -86.7462859, "Annual average daily traffic count": 3050.0, "Annual average daily traffic year": 2011.0 }, "geometry": { "type": "Point", "coordinates": [ 115393.363169186384766, 358556.023169172927737 ] } },
{ "type": "Feature", "properties": { "fid": 7, "Crossing ID": "352244F", "Street": "JACKSON RD", "crossing_position": "At Grade", "Trains per day": 18.0, "Total Incidents (Since 1975)": 9, "Total Fatalities (Since 1975)": 1, "Total Injuries (Since 1975)": 4, "Total Incidents (2015–2025)": 0, "Total Fatalities (2015–2025)": 0, "Total Injuries (2015–2025)": 0, "Latitude": 33.7013181, "Longitude": -86.7329988, "Annual average daily traffic count": 830.0, "Annual average daily traffic year": 2011.0 }, "geometry": { "type": "Point", "coordinates": [ 116596.813001090864418, 355339.410011578118429 ] } },
{ "type": "Feature", "properties": { "fid": 8, "Crossing ID": "352245M", "Street": "MCCORMACK DR", "crossing_position": "At Grade", "Trains per day": 19.0, "Total Incidents (Since 1975)": 1, "Total Fatalities (Since 1975)": 1, "Total Injuries (Since 1975)": 0, "Total Incidents (2015–2025)": 0, "Total Fatalities (2015–2025)": 0, "Total Injuries (2015–2025)": 0, "Latitude": 33.6490845, "Longitude": -86.768067, "Annual average daily traffic count": 1700.0, "Annual average daily traffic year": 2011.0 }, "geometry": { "type": "Point", "coordinates": [ 113293.281159838283202, 349574.651489747455344 ] } },
{ "type": "Feature", "properties": { "fid": 9, "Crossing ID": "352246U", "Street": "ELM ST", "crossing_position": "At Grade", "Trains per day": 18.0, "Total Incidents (Since 1975)": 4, "Total Fatalities (Since 1975)": 1, "Total Injuries (Since 1975)": 1, "Total Incidents (2015–2025)": 0, "Total Fatalities (2015–2025)": 0, "Total Injuries (2015–2025)": 0, "Latitude": 33.6397368, "Longitude": -86.7757033, "Annual average daily traffic count": 920.0, "Annual average daily traffic year": 2011.0 }, "geometry": { "type": "Point", "coordinates": [ 112575.454391054910957, 348544.25823315634625 ] } },
{ "type": "Feature", "properties": { "fid": 10, "Crossing ID": "352513V", "Street": "34TH ST N", "crossing_position": "At Grade", "Trains per day": 3.0, "Total Incidents (Since 1975)": 6, "Total Fatalities (Since 1975)": 0, "Total Injuries (Since 1975)": 0, "Total Incidents (2015–2025)": 0, "Total Fatalities (2015–2025)": 0, "Total Injuries (2015–2025)": 0, "Latitude": 33.5527491, "Longitude": -86.798362, "Annual average daily traffic count": 2290.0, "Annual average daily traffic year": 2011.0 }, "geometry": { "type": "Point", "coordinates": [ 110383.340518400917063, 338915.241991631803103 ] } },
{ "type": "Feature", "properties": { "fid": 11, "Crossing ID": "352515J", "Street": "29TH ST N", "crossing_position": "At Grade", "Trains per day": 0.0, "Total Incidents (Since 1975)": 2, "Total Fatalities (Since 1975)": 0, "Total Injuries (Since 1975)": 0, "Total Incidents (2015–2025)": 0, "Total Fatalities (2015–2025)": 0, "Total Injuries (2015–2025)": 0, "Latitude": 33.5525362, "Longitude": -86.8102511, "Annual average daily traffic count": 60.0, "Annual average daily traffic year": 2011.0 }, "geometry": { "type": "Point", "coordinates": [ 109279.004720431767055, 338901.966830527468119 ] } },
{ "type": "Feature", "properties": { "fid": 12, "Crossing ID": "352516R", "Street": "28TH PL", "crossing_position": "At Grade", "Trains per day": 0.0, "Total Incidents (Since 1975)": 5, "Total Fatalities (Since 1975)": 0, "Total Injuries (Since 1975)": 0, "Total Incidents (2015–2025)": 0, "Total Fatalities (2015–2025)": 0, "Total Injuries (2015–2025)": 0, "Latitude": 33.5514359, "Longitude": -86.8135055, "Annual average daily traffic count": 4840.0, "Annual average daily traffic year": 2011.0 }, "geometry": { "type": "Point", "coordinates": [ 108975.620568925151019, 338782.777839397604112 ] } },
{ "type": "Feature", "properties": { "fid": 13, "Crossing ID": "352517X", "Street": "27TH ST", "crossing_position": "At Grade", "Trains per day": 0.0, "Total Incidents (Since 1975)": 5, "Total Fatalities (Since 1975)": 0, "Total Injuries (Since 1975)": 3, "Total Incidents (2015–2025)": 1, "Total Fatalities (2015–2025)": 0, "Total Injuries (2015–2025)": 1, "Latitude": 33.5507403, "Longitude": -86.8158615, "Annual average daily traffic count": 2460.0, "Annual average daily traffic year": 2011.0 }, "geometry": { "type": "Point", "coordinates": [ 108756.089090596127789, 338707.695168795005884 ] } },
{ "type": "Feature", "properties": { "fid": 14, "Crossing ID": "352519L", "Street": "25TH ST", "crossing_position": "At Grade", "Trains per day": 1.0, "Total Incidents (Since 1975)": 2, "Total Fatalities (Since 1975)": 0, "Total Injuries (Since 1975)": 0, "Total Incidents (2015–2025)": 0, "Total Fatalities (2015–2025)": 0, "Total Injuries (2015–2025)": 0, "Latitude": 33.5498654, "Longitude": -86.8188363, "Annual average daily traffic count": 981.0, "Annual average daily traffic year": 2022.0 }, "geometry": { "type": "Point", "coordinates": [ 108478.896487651159987, 338613.276125973730814 ] } },
{ "type": "Feature", "properties": { "fid": 15, "Crossing ID": "352520F", "Street": "24TH ST", "crossing_position": "At Grade", "Trains per day": 1.0, "Total Incidents (Since 1975)": 5, "Total Fatalities (Since 1975)": 0, "Total Injuries (Since 1975)": 1, "Total Incidents (2015–2025)": 0, "Total Fatalities (2015–2025)": 0, "Total Injuries (2015–2025)": 0, "Latitude": 33.5494522, "Longitude": -86.8202347, "Annual average daily traffic count": 2396.0, "Annual average daily traffic year": 2022.0 }, "geometry": { "type": "Point", "coordinates": [ 108348.589241245455923, 338568.680610610696021 ] } },
{ "type": "Feature", "properties": { "fid": 16, "Crossing ID": "352526W", "Street": "18TH ST N", "crossing_position": "At Grade", "Trains per day": 1.0, "Total Incidents (Since 1975)": 4, "Total Fatalities (Since 1975)": 0, "Total Injuries (Since 1975)": 0, "Total Incidents (2015–2025)": 0, "Total Fatalities (2015–2025)": 0, "Total Injuries (2015–2025)": 0, "Latitude": 33.5465705, "Longitude": -86.8287451, "Annual average daily traffic count": 2160.0, "Annual average daily traffic year": 2011.0 }, "geometry": { "type": "Point", "coordinates": [ 107555.145651437152992, 338256.60717162815854 ] } },
{ "type": "Feature", "properties": { "fid": 17, "Crossing ID": "352527D", "Street": "16TH ST N", "crossing_position": "At Grade", "Trains per day": 1.0, "Total Incidents (Since 1975)": 4, "Total Fatalities (Since 1975)": 0, "Total Injuries (Since 1975)": 0, "Total Incidents (2015–2025)": 0, "Total Fatalities (2015–2025)": 0, "Total Injuries (2015–2025)": 0, "Latitude": 33.5452553, "Longitude": -86.8314709, "Annual average daily traffic count": 2458.0, "Annual average daily traffic year": 2022.0 }, "geometry": { "type": "Point", "coordinates": [ 107300.582962400876568, 338113.163126787927467 ] } },
{ "type": "Feature", "properties": { "fid": 18, "Crossing ID": "352539X", "Street": "CRAWFORD ST", "crossing_position": "At Grade", "Trains per day": 3.0, "Total Incidents (Since 1975)": 9, "Total Fatalities (Since 1975)": 0, "Total Injuries (Since 1975)": 1, "Total Incidents (2015–2025)": 1, "Total Fatalities (2015–2025)": 0, "Total Injuries (2015–2025)": 0, "Latitude": 33.4934819, "Longitude": -86.9183182, "Annual average daily traffic count": 8845.0, "Annual average daily traffic year": 2022.0 }, "geometry": { "type": "Point", "coordinates": [ 99174.424693412729539, 332451.610109443950932 ] } },
{ "type": "Feature", "properties": { "fid": 19, "Crossing ID": "352543M", "Street": "VALLEY RD", "crossing_position": "At Grade", "Trains per day": 3.0, "Total Incidents (Since 1975)": 6, "Total Fatalities (Since 1975)": 0, "Total Injuries (Since 1975)": 4, "Total Incidents (2015–2025)": 1, "Total Fatalities (2015–2025)": 0, "Total Injuries (2015–2025)": 1, "Latitude": 33.4579013, "Longitude": -86.9514723, "Annual average daily traffic count": 34660.0, "Annual average daily traffic year": 2011.0 }, "geometry": { "type": "Point", "coordinates": [ 96050.84396978651057, 328537.801680415926967 ] } },
{ "type": "Feature", "properties": { "fid": 20, "Crossing ID": "352544U", "Street": "WOODWARD RD", "crossing_position": "At Grade", "Trains per day": 3.0, "Total Incidents (Since 1975)": 0, "Total Fatalities (Since 1975)": 0, "Total Injuries (Since 1975)": 0, "Total Incidents (2015–2025)": 0, "Total Fatalities (2015–2025)": 0, "Total Injuries (2015–2025)": 0, "Latitude": 33.445921, "Longitude": -86.9636699, "Annual average daily traffic count": 100.0, "Annual average daily traffic year": 2011.0 }, "geometry": { "type": "Point", "coordinates": [ 94902.370533163048094, 327221.252252701495308 ] } },
{ "type": "Feature", "properties": { "fid": 21, "Crossing ID": "352546H", "Street": "16TH ST N", "crossing_position": "At Grade", "Trains per day": 10.0, "Total Incidents (Since 1975)": 1, "Total Fatalities (Since 1975)": 0, "Total Injuries (Since 1975)": 0, "Total Incidents (2015–2025)": 0, "Total Fatalities (2015–2025)": 0, "Total Injuries (2015–2025)": 0, "Latitude": 33.54580147, "Longitude": -86.83169198, "Annual average daily traffic count": 2458.0, "Annual average daily traffic year": 2022.0 }, "geometry": { "type": "Point", "coordinates": [ 107280.633583758113673, 338173.939958068542182 ] } },
{ "type": "Feature", "properties": { "fid": 22, "Crossing ID": "352550X", "Street": "33RD TERRACE NORTH", "crossing_position": "At Grade", "Trains per day": 0.0, "Total Incidents (Since 1975)": 2, "Total Fatalities (Since 1975)": 0, "Total Injuries (Since 1975)": 0, "Total Incidents (2015–2025)": 0, "Total Fatalities (2015–2025)": 0, "Total Injuries (2015–2025)": 0, "Latitude": 33.5570436, "Longitude": -86.8090981, "Annual average daily traffic count": 1805.0, "Annual average daily traffic year": 1997.0 }, "geometry": { "type": "Point", "coordinates": [ 109390.790243351279059, 339400.902386148052756 ] } },
{ "type": "Feature", "properties": { "fid": 23, "Crossing ID": "352556N", "Street": "35TH AVENUE NORTH", "crossing_position": "At Grade", "Trains per day": 0.0, "Total Incidents (Since 1975)": 2, "Total Fatalities (Since 1975)": 0, "Total Injuries (Since 1975)": 2, "Total Incidents (2015–2025)": 0, "Total Fatalities (2015–2025)": 0, "Total Injuries (2015–2025)": 0, "Latitude": 33.5601109, "Longitude": -86.8084863, "Annual average daily traffic count": 3015.0, "Annual average daily traffic year": 2022.0 }, "geometry": { "type": "Point", "coordinates": [ 109450.806538898381405, 339740.581353458284866 ] } },
{ "type": "Feature", "properties": { "fid": 24, "Crossing ID": "352565M", "Street": "CAMMACK RD", "crossing_position": "At Grade", "Trains per day": 30.0, "Total Incidents (Since 1975)": 5, "Total Fatalities (Since 1975)": 1, "Total Injuries (Since 1975)": 0, "Total Incidents (2015–2025)": 0, "Total Fatalities (2015–2025)": 0, "Total Injuries (2015–2025)": 0, "Latitude": 33.4238749, "Longitude": -86.8567081, "Annual average daily traffic count": 710.0, "Annual average daily traffic year": 2011.0 }, "geometry": { "type": "Point", "coordinates": [ 104823.948765290901065, 324673.007126703101676 ] } },
{ "type": "Feature", "properties": { "fid": 25, "Crossing ID": "352566U", "Street": "SHANNON RD", "crossing_position": "At Grade", "Trains per day": 30.0, "Total Incidents (Since 1975)": 12, "Total Fatalities (Since 1975)": 1, "Total Injuries (Since 1975)": 1, "Total Incidents (2015–2025)": 4, "Total Fatalities (2015–2025)": 0, "Total Injuries (2015–2025)": 1, "Latitude": 33.4089498, "Longitude": -86.86947, "Annual average daily traffic count": 5622.0, "Annual average daily traffic year": 2022.0 }, "geometry": { "type": "Point", "coordinates": [ 103620.527183326557861, 323029.340922364091966 ] } },
{ "type": "Feature", "properties": { "fid": 26, "Crossing ID": "352567B", "Street": "VANDERBILT ROAD", "crossing_position": "At Grade", "Trains per day": 33.0, "Total Incidents (Since 1975)": 10, "Total Fatalities (Since 1975)": 1, "Total Injuries (Since 1975)": 2, "Total Incidents (2015–2025)": 4, "Total Fatalities (2015–2025)": 1, "Total Injuries (2015–2025)": 1, "Latitude": 33.5492622, "Longitude": -86.7898033, "Annual average daily traffic count": 4780.0, "Annual average daily traffic year": 2011.0 }, "geometry": { "type": "Point", "coordinates": [ 111174.595974486932391, 338521.125070526322816 ] } },
{ "type": "Feature", "properties": { "fid": 27, "Crossing ID": "352600Y", "Street": "17TH AVE S", "crossing_position": "At Grade", "Trains per day": 34.0, "Total Incidents (Since 1975)": 2, "Total Fatalities (Since 1975)": 1, "Total Injuries (Since 1975)": 0, "Total Incidents (2015–2025)": 1, "Total Fatalities (2015–2025)": 0, "Total Injuries (2015–2025)": 0, "Latitude": 33.4906683, "Longitude": -86.8234155, "Annual average daily traffic count": 1780.0, "Annual average daily traffic year": 2011.0 }, "geometry": { "type": "Point", "coordinates": [ 107990.934804308242747, 332051.430338302976452 ] } },
{ "type": "Feature", "properties": { "fid": 28, "Crossing ID": "352602M", "Street": "MARTIN LUTHER KING JR RD", "crossing_position": "At Grade", "Trains per day": 3.0, "Total Incidents (Since 1975)": 12, "Total Fatalities (Since 1975)": 0, "Total Injuries (Since 1975)": 7, "Total Incidents (2015–2025)": 0, "Total Fatalities (2015–2025)": 0, "Total Injuries (2015–2025)": 0, "Latitude": 33.4741657, "Longitude": -86.8406035, "Annual average daily traffic count": 12970.0, "Annual average daily traffic year": 2011.0 }, "geometry": { "type": "Point", "coordinates": [ 106375.824872755300021, 330236.393657320120838 ] } },
{ "type": "Feature", "properties": { "fid": 29, "Crossing ID": "352603U", "Street": "12TH ST SW", "crossing_position": "At Grade", "Trains per day": 3.0, "Total Incidents (Since 1975)": 3, "Total Fatalities (Since 1975)": 0, "Total Injuries (Since 1975)": 1, "Total Incidents (2015–2025)": 0, "Total Fatalities (2015–2025)": 0, "Total Injuries (2015–2025)": 0, "Latitude": 33.471665, "Longitude": -86.8445616, "Annual average daily traffic count": 280.0, "Annual average daily traffic year": 2011.0 }, "geometry": { "type": "Point", "coordinates": [ 106005.210788873606361, 329962.600886004918721 ] } },
{ "type": "Feature", "properties": { "fid": 30, "Crossing ID": "352604B", "Street": "EAST ANN DRIVE SW", "crossing_position": "At Grade", "Trains per day": 1.0, "Total Incidents (Since 1975)": 3, "Total Fatalities (Since 1975)": 0, "Total Injuries (Since 1975)": 6, "Total Incidents (2015–2025)": 1, "Total Fatalities (2015–2025)": 0, "Total Injuries (2015–2025)": 0, "Latitude": 33.4669455, "Longitude": -86.8654954, "Annual average daily traffic count": 3350.0, "Annual average daily traffic year": 2011.0 }, "geometry": { "type": "Point", "coordinates": [ 104054.10875585906615, 329458.266840408206917 ] } },
{ "type": "Feature", "properties": { "fid": 31, "Crossing ID": "352605H", "Street": "ISHKOODA RD", "crossing_position": "At Grade", "Trains per day": 0.0, "Total Incidents (Since 1975)": 1, "Total Fatalities (Since 1975)": 0, "Total Injuries (Since 1975)": 2, "Total Incidents (2015–2025)": 0, "Total Fatalities (2015–2025)": 0, "Total Injuries (2015–2025)": 0, "Latitude": 33.4632772, "Longitude": -86.8718098, "Annual average daily traffic count": 10270.0, "Annual average daily traffic year": 2011.0 }, "geometry": { "type": "Point", "coordinates": [ 103463.05428748326085, 329057.242576162796468 ] } },
{ "type": "Feature", "properties": { "fid": 32, "Crossing ID": "352606P", "Street": "WILSON RD / 31ST ST SW", "crossing_position": "At Grade", "Trains per day": 1.0, "Total Incidents (Since 1975)": 13, "Total Fatalities (Since 1975)": 0, "Total Injuries (Since 1975)": 7, "Total Incidents (2015–2025)": 3, "Total Fatalities (2015–2025)": 0, "Total Injuries (2015–2025)": 4, "Latitude": 33.45738, "Longitude": -86.8827979, "Annual average daily traffic count": 5994.0, "Annual average daily traffic year": 2022.0 }, "geometry": { "type": "Point", "coordinates": [ 102434.948339723603567, 328413.410871302883606 ] } },
{ "type": "Feature", "properties": { "fid": 33, "Crossing ID": "352607W", "Street": "34TH ST SW", "crossing_position": "At Grade", "Trains per day": 1.0, "Total Incidents (Since 1975)": 1, "Total Fatalities (Since 1975)": 0, "Total Injuries (Since 1975)": 1, "Total Incidents (2015–2025)": 0, "Total Fatalities (2015–2025)": 0, "Total Injuries (2015–2025)": 0, "Latitude": 33.4537691, "Longitude": -86.8881336, "Annual average daily traffic count": 30.0, "Annual average daily traffic year": 2011.0 }, "geometry": { "type": "Point", "coordinates": [ 101934.820193342282437, 328017.926298953068908 ] } },
{ "type": "Feature", "properties": { "fid": 34, "Crossing ID": "352608D", "Street": "37TH ST", "crossing_position": "At Grade", "Trains per day": 1.0, "Total Incidents (Since 1975)": 0, "Total Fatalities (Since 1975)": 0, "Total Injuries (Since 1975)": 0, "Total Incidents (2015–2025)": 0, "Total Fatalities (2015–2025)": 0, "Total Injuries (2015–2025)": 0, "Latitude": 33.451348, "Longitude": -86.892837, "Annual average daily traffic count": 50.0, "Annual average daily traffic year": 2011.0 }, "geometry": { "type": "Point", "coordinates": [ 101494.786407797422726, 327753.835124136589002 ] } },
{ "type": "Feature", "properties": { "fid": 35, "Crossing ID": "352609K", "Street": "SPAULDING ST", "crossing_position": "At Grade", "Trains per day": 0.0, "Total Incidents (Since 1975)": 5, "Total Fatalities (Since 1975)": 0, "Total Injuries (Since 1975)": 0, "Total Incidents (2015–2025)": 1, "Total Fatalities (2015–2025)": 0, "Total Injuries (2015–2025)": 0, "Latitude": 33.4498423, "Longitude": -86.8959375, "Annual average daily traffic count": 9970.0, "Annual average daily traffic year": 2011.0 }, "geometry": { "type": "Point", "coordinates": [ 101204.803431667169207, 327589.771442444995046 ] } },
{ "type": "Feature", "properties": { "fid": 36, "Crossing ID": "352610E", "Street": "50TH ST", "crossing_position": "At Grade", "Trains per day": 1.0, "Total Incidents (Since 1975)": 4, "Total Fatalities (Since 1975)": 1, "Total Injuries (Since 1975)": 3, "Total Incidents (2015–2025)": 0, "Total Fatalities (2015–2025)": 0, "Total Injuries (2015–2025)": 0, "Latitude": 33.4433172, "Longitude": -86.9050968, "Annual average daily traffic count": 3160.0, "Annual average daily traffic year": 2011.0 }, "geometry": { "type": "Point", "coordinates": [ 100345.72057026370021, 326874.776431512553245 ] } },
{ "type": "Feature", "properties": { "fid": 37, "Crossing ID": "352611L", "Street": "WENONAH / 55TH ST", "crossing_position": "At Grade", "Trains per day": 2.0, "Total Incidents (Since 1975)": 4, "Total Fatalities (Since 1975)": 0, "Total Injuries (Since 1975)": 2, "Total Incidents (2015–2025)": 0, "Total Fatalities (2015–2025)": 0, "Total Injuries (2015–2025)": 0, "Latitude": 33.4371222, "Longitude": -86.9113023, "Annual average daily traffic count": 1913.0, "Annual average daily traffic year": 2022.0 }, "geometry": { "type": "Point", "coordinates": [ 99761.572446754260454, 326193.617962409742177 ] } },
{ "type": "Feature", "properties": { "fid": 38, "Crossing ID": "352612T", "Street": "AVE K", "crossing_position": "At Grade", "Trains per day": 2.0, "Total Incidents (Since 1975)": 5, "Total Fatalities (Since 1975)": 0, "Total Injuries (Since 1975)": 2, "Total Incidents (2015–2025)": 3, "Total Fatalities (2015–2025)": 0, "Total Injuries (2015–2025)": 2, "Latitude": 33.4301168, "Longitude": -86.9189258, "Annual average daily traffic count": 3708.0, "Annual average daily traffic year": 2022.0 }, "geometry": { "type": "Point", "coordinates": [ 99044.531782214267878, 325423.982953492668457 ] } },
{ "type": "Feature", "properties": { "fid": 39, "Crossing ID": "352613A", "Street": "8TH ST", "crossing_position": "At Grade", "Trains per day": 1.0, "Total Incidents (Since 1975)": 0, "Total Fatalities (Since 1975)": 0, "Total Injuries (Since 1975)": 0, "Total Incidents (2015–2025)": 0, "Total Fatalities (2015–2025)": 0, "Total Injuries (2015–2025)": 0, "Latitude": 33.4261729, "Longitude": -86.923224, "Annual average daily traffic count": 60.0, "Annual average daily traffic year": 2011.0 }, "geometry": { "type": "Point", "coordinates": [ 98640.214475852364558, 324990.72263116389513 ] } },
{ "type": "Feature", "properties": { "fid": 40, "Crossing ID": "352614G", "Street": "5TH ST", "crossing_position": "At Grade", "Trains per day": 1.0, "Total Incidents (Since 1975)": 5, "Total Fatalities (Since 1975)": 0, "Total Injuries (Since 1975)": 0, "Total Incidents (2015–2025)": 2, "Total Fatalities (2015–2025)": 0, "Total Injuries (2015–2025)": 0, "Latitude": 33.4234072, "Longitude": -86.9258706, "Annual average daily traffic count": 3182.0, "Annual average daily traffic year": 2022.0 }, "geometry": { "type": "Point", "coordinates": [ 98390.846881389443297, 324686.545110808219761 ] } },
{ "type": "Feature", "properties": { "fid": 41, "Crossing ID": "352615N", "Street": "32ND ST", "crossing_position": "At Grade", "Trains per day": 2.0, "Total Incidents (Since 1975)": 5, "Total Fatalities (Since 1975)": 0, "Total Injuries (Since 1975)": 3, "Total Incidents (2015–2025)": 2, "Total Fatalities (2015–2025)": 0, "Total Injuries (2015–2025)": 2, "Latitude": 33.4132024, "Longitude": -86.9356061, "Annual average daily traffic count": 2440.0, "Annual average daily traffic year": 2011.0 }, "geometry": { "type": "Point", "coordinates": [ 97473.380182089735172, 323564.223921347525902 ] } },
{ "type": "Feature", "properties": { "fid": 42, "Crossing ID": "352616V", "Street": "31ST ST", "crossing_position": "At Grade", "Trains per day": 1.0, "Total Incidents (Since 1975)": 0, "Total Fatalities (Since 1975)": 0, "Total Injuries (Since 1975)": 0, "Total Incidents (2015–2025)": 0, "Total Fatalities (2015–2025)": 0, "Total Injuries (2015–2025)": 0, "Latitude": 33.4121414, "Longitude": -86.936482, "Annual average daily traffic count": 100.0, "Annual average daily traffic year": 2011.0 }, "geometry": { "type": "Point", "coordinates": [ 97390.65766946398071, 323447.405823351873551 ] } },
{ "type": "Feature", "properties": { "fid": 43, "Crossing ID": "352617C", "Street": "30TH ST", "crossing_position": "At Grade", "Trains per day": 1.0, "Total Incidents (Since 1975)": 1, "Total Fatalities (Since 1975)": 0, "Total Injuries (Since 1975)": 0, "Total Incidents (2015–2025)": 0, "Total Fatalities (2015–2025)": 0, "Total Injuries (2015–2025)": 0, "Latitude": 33.4110538, "Longitude": -86.9373818, "Annual average daily traffic count": 160.0, "Annual average daily traffic year": 2011.0 }, "geometry": { "type": "Point", "coordinates": [ 97305.678701653567259, 323327.661636534961872 ] } },
{ "type": "Feature", "properties": { "fid": 44, "Crossing ID": "352618J", "Street": "CAROLINA AVE", "crossing_position": "At Grade", "Trains per day": 1.0, "Total Incidents (Since 1975)": 14, "Total Fatalities (Since 1975)": 1, "Total Injuries (Since 1975)": 5, "Total Incidents (2015–2025)": 8, "Total Fatalities (2015–2025)": 1, "Total Injuries (2015–2025)": 5, "Latitude": 33.4057153, "Longitude": -86.9460441, "Annual average daily traffic count": 1800.0, "Annual average daily traffic year": 2011.0 }, "geometry": { "type": "Point", "coordinates": [ 96493.573581350370659, 322744.120323938841466 ] } },
{ "type": "Feature", "properties": { "fid": 45, "Crossing ID": "352619R", "Street": "22ND ST", "crossing_position": "At Grade", "Trains per day": 0.0, "Total Incidents (Since 1975)": 10, "Total Fatalities (Since 1975)": 0, "Total Injuries (Since 1975)": 7, "Total Incidents (2015–2025)": 4, "Total Fatalities (2015–2025)": 0, "Total Injuries (2015–2025)": 2, "Latitude": 33.404851, "Longitude": -86.9489696, "Annual average daily traffic count": 5620.0, "Annual average daily traffic year": 2011.0 }, "geometry": { "type": "Point", "coordinates": [ 96220.396897098486079, 322651.169238675094675 ] } },
{ "type": "Feature", "properties": { "fid": 46, "Crossing ID": "352620K", "Street": "21ST ST STREET NORTH", "crossing_position": "At Grade", "Trains per day": 2.0, "Total Incidents (Since 1975)": 2, "Total Fatalities (Since 1975)": 0, "Total Injuries (Since 1975)": 0, "Total Incidents (2015–2025)": 1, "Total Fatalities (2015–2025)": 0, "Total Injuries (2015–2025)": 0, "Latitude": 33.4043007, "Longitude": -86.9507492, "Annual average daily traffic count": 360.0, "Annual average daily traffic year": 2011.0 }, "geometry": { "type": "Point", "coordinates": [ 96054.189901169229415, 322591.908258357085288 ] } },
{ "type": "Feature", "properties": { "fid": 47, "Crossing ID": "352622Y", "Street": "4TH AVENUE", "crossing_position": "At Grade", "Trains per day": 1.0, "Total Incidents (Since 1975)": 2, "Total Fatalities (Since 1975)": 0, "Total Injuries (Since 1975)": 1, "Total Incidents (2015–2025)": 2, "Total Fatalities (2015–2025)": 0, "Total Injuries (2015–2025)": 1, "Latitude": 33.4053762, "Longitude": -86.9542843, "Annual average daily traffic count": 4012.0, "Annual average daily traffic year": 2022.0 }, "geometry": { "type": "Point", "coordinates": [ 95726.611390318314079, 322714.734250291250646 ] } },
{ "type": "Feature", "properties": { "fid": 48, "Crossing ID": "352623F", "Street": "5TH AVENUE", "crossing_position": "At Grade", "Trains per day": 1.0, "Total Incidents (Since 1975)": 3, "Total Fatalities (Since 1975)": 0, "Total Injuries (Since 1975)": 0, "Total Incidents (2015–2025)": 2, "Total Fatalities (2015–2025)": 0, "Total Injuries (2015–2025)": 0, "Latitude": 33.4047883, "Longitude": -86.9532493, "Annual average daily traffic count": 610.0, "Annual average daily traffic year": 2011.0 }, "geometry": { "type": "Point", "coordinates": [ 95822.192506925741327, 322648.490430380275939 ] } },
{ "type": "Feature", "properties": { "fid": 49, "Crossing ID": "352624M", "Street": "8TH AVE", "crossing_position": "At Grade", "Trains per day": 2.0, "Total Incidents (Since 1975)": 5, "Total Fatalities (Since 1975)": 0, "Total Injuries (Since 1975)": 1, "Total Incidents (2015–2025)": 3, "Total Fatalities (2015–2025)": 0, "Total Injuries (2015–2025)": 1, "Latitude": 33.4075993, "Longitude": -86.9581981, "Annual average daily traffic count": 2595.0, "Annual average daily traffic year": 2022.0 }, "geometry": { "type": "Point", "coordinates": [ 95365.187936577189248, 322965.239206646278035 ] } },
{ "type": "Feature", "properties": { "fid": 50, "Crossing ID": "352629W", "Street": "15TH ST", "crossing_position": "At Grade", "Trains per day": 7.0, "Total Incidents (Since 1975)": 6, "Total Fatalities (Since 1975)": 0, "Total Injuries (Since 1975)": 3, "Total Incidents (2015–2025)": 1, "Total Fatalities (2015–2025)": 0, "Total Injuries (2015–2025)": 1, "Latitude": 33.4064198, "Longitude": -86.9715333, "Annual average daily traffic count": 10890.0, "Annual average daily traffic year": 2011.0 }, "geometry": { "type": "Point", "coordinates": [ 94123.254159406293184, 322847.900816575507633 ] } },
{ "type": "Feature", "properties": { "fid": 51, "Crossing ID": "352630R", "Street": "11TH ST", "crossing_position": "At Grade", "Trains per day": 6.0, "Total Incidents (Since 1975)": 4, "Total Fatalities (Since 1975)": 0, "Total Injuries (Since 1975)": 0, "Total Incidents (2015–2025)": 1, "Total Fatalities (2015–2025)": 0, "Total Injuries (2015–2025)": 0, "Latitude": 33.4020383, "Longitude": -86.9750573, "Annual average daily traffic count": 3250.0, "Annual average daily traffic year": 2011.0 }, "geometry": { "type": "Point", "coordinates": [ 93790.098652112428681, 322365.513020913873333 ] } },
{ "type": "Feature", "properties": { "fid": 52, "Crossing ID": "352634T", "Street": "POWDER PLANT RD", "crossing_position": "At Grade", "Trains per day": 8.0, "Total Incidents (Since 1975)": 1, "Total Fatalities (Since 1975)": 0, "Total Injuries (Since 1975)": 0, "Total Incidents (2015–2025)": 0, "Total Fatalities (2015–2025)": 0, "Total Injuries (2015–2025)": 0, "Latitude": 33.3880983, "Longitude": -87.0099955, "Annual average daily traffic count": 7910.0, "Annual average daily traffic year": 2011.0 }, "geometry": { "type": "Point", "coordinates": [ 90522.288741552314605, 320855.538198115245905 ] } },
{ "type": "Feature", "properties": { "fid": 53, "Crossing ID": "352635A", "Street": "BLUE CREEK RD", "crossing_position": "At Grade", "Trains per day": 6.0, "Total Incidents (Since 1975)": 2, "Total Fatalities (Since 1975)": 0, "Total Injuries (Since 1975)": 1, "Total Incidents (2015–2025)": 0, "Total Fatalities (2015–2025)": 0, "Total Injuries (2015–2025)": 0, "Latitude": 33.3857161, "Longitude": -87.07227, "Annual average daily traffic count": 70.0, "Annual average daily traffic year": 2011.0 }, "geometry": { "type": "Point", "coordinates": [ 84724.739596584389801, 320658.533190457441378 ] } },
{ "type": "Feature", "properties": { "fid": 54, "Crossing ID": "352638V", "Street": "LAWSONTOWN RD", "crossing_position": "At Grade", "Trains per day": 6.0, "Total Incidents (Since 1975)": 0, "Total Fatalities (Since 1975)": 0, "Total Injuries (Since 1975)": 0, "Total Incidents (2015–2025)": 0, "Total Fatalities (2015–2025)": 0, "Total Injuries (2015–2025)": 0, "Latitude": 33.3499915, "Longitude": -87.1240907, "Annual average daily traffic count": 140.0, "Annual average daily traffic year": 2011.0 }, "geometry": { "type": "Point", "coordinates": [ 79853.741901056971983, 316754.622554491623305 ] } },
{ "type": "Feature", "properties": { "fid": 55, "Crossing ID": "352641D", "Street": "JOHNS RD", "crossing_position": "At Grade", "Trains per day": 0.0, "Total Incidents (Since 1975)": 2, "Total Fatalities (Since 1975)": 0, "Total Injuries (Since 1975)": 0, "Total Incidents (2015–2025)": 0, "Total Fatalities (2015–2025)": 0, "Total Injuries (2015–2025)": 0, "Latitude": 33.3708004, "Longitude": -87.0954884, "Annual average daily traffic count": 1190.0, "Annual average daily traffic year": 2011.0 }, "geometry": { "type": "Point", "coordinates": [ 82544.229883404928842, 319030.072300072410144 ] } },
{ "type": "Feature", "properties": { "fid": 56, "Crossing ID": "352714L", "Street": "CEDAR STREET", "crossing_position": "At Grade", "Trains per day": 2.0, "Total Incidents (Since 1975)": 21, "Total Fatalities (Since 1975)": 0, "Total Injuries (Since 1975)": 0, "Total Incidents (2015–2025)": 8, "Total Fatalities (2015–2025)": 0, "Total Injuries (2015–2025)": 0, "Latitude": 33.5733365, "Longitude": -86.7837009, "Annual average daily traffic count": 7240.0, "Annual average daily traffic year": 2011.0 }, "geometry": { "type": "Point", "coordinates": [ 111765.832184468090418, 341186.1392507632263 ] } },
{ "type": "Feature", "properties": { "fid": 57, "Crossing ID": "352716A", "Street": "ALABAMA ST", "crossing_position": "At Grade", "Trains per day": 0.0, "Total Incidents (Since 1975)": 6, "Total Fatalities (Since 1975)": 0, "Total Injuries (Since 1975)": 0, "Total Incidents (2015–2025)": 1, "Total Fatalities (2015–2025)": 0, "Total Injuries (2015–2025)": 0, "Latitude": 33.5748519, "Longitude": -86.7829128, "Annual average daily traffic count": 1980.0, "Annual average daily traffic year": 2011.0 }, "geometry": { "type": "Point", "coordinates": [ 111840.545001443490037, 341353.550920676905662 ] } },
{ "type": "Feature", "properties": { "fid": 58, "Crossing ID": "352718N", "Street": "SPRINGDALE RD", "crossing_position": "At Grade", "Trains per day": 0.0, "Total Incidents (Since 1975)": 5, "Total Fatalities (Since 1975)": 1, "Total Injuries (Since 1975)": 3, "Total Incidents (2015–2025)": 0, "Total Fatalities (2015–2025)": 0, "Total Injuries (2015–2025)": 0, "Latitude": 33.5955793, "Longitude": -86.7698579, "Annual average daily traffic count": 6300.0, "Annual average daily traffic year": 2011.0 }, "geometry": { "type": "Point", "coordinates": [ 113073.408696694910759, 343641.525676601391751 ] } },
{ "type": "Feature", "properties": { "fid": 59, "Crossing ID": "352720P", "Street": "PINEHILL RD", "crossing_position": "At Grade", "Trains per day": 0.0, "Total Incidents (Since 1975)": 10, "Total Fatalities (Since 1975)": 0, "Total Injuries (Since 1975)": 1, "Total Incidents (2015–2025)": 0, "Total Fatalities (2015–2025)": 0, "Total Injuries (2015–2025)": 0, "Latitude": 33.6036803, "Longitude": -86.7611669, "Annual average daily traffic count": 200.0, "Annual average daily traffic year": 2011.0 }, "geometry": { "type": "Point", "coordinates": [ 113888.175459565070923, 344532.798392860102467 ] } },
{ "type": "Feature", "properties": { "fid": 60, "Crossing ID": "352721W", "Street": "MURPHREE RD", "crossing_position": "At Grade", "Trains per day": 0.0, "Total Incidents (Since 1975)": 1, "Total Fatalities (Since 1975)": 0, "Total Injuries (Since 1975)": 0, "Total Incidents (2015–2025)": 0, "Total Fatalities (2015–2025)": 0, "Total Injuries (2015–2025)": 0, "Latitude": 33.6074299, "Longitude": -86.7571477, "Annual average daily traffic count": 320.0, "Annual average daily traffic year": 2011.0 }, "geometry": { "type": "Point", "coordinates": [ 114264.921213453970267, 344945.355280329124071 ] } },
{ "type": "Feature", "properties": { "fid": 61, "Crossing ID": "352722D", "Street": "INDUSTRIAL DR", "crossing_position": "At Grade", "Trains per day": 0.0, "Total Incidents (Since 1975)": 1, "Total Fatalities (Since 1975)": 0, "Total Injuries (Since 1975)": 1, "Total Incidents (2015–2025)": 0, "Total Fatalities (2015–2025)": 0, "Total Injuries (2015–2025)": 0, "Latitude": 33.6121463, "Longitude": -86.7532149, "Annual average daily traffic count": 1830.0, "Annual average daily traffic year": 2011.0 }, "geometry": { "type": "Point", "coordinates": [ 114634.570051103743026, 345465.231771085353103 ] } },
{ "type": "Feature", "properties": { "fid": 62, "Crossing ID": "352723K", "Street": "3RD AVE", "crossing_position": "At Grade", "Trains per day": 0.0, "Total Incidents (Since 1975)": 0, "Total Fatalities (Since 1975)": 0, "Total Injuries (Since 1975)": 0, "Total Incidents (2015–2025)": 0, "Total Fatalities (2015–2025)": 0, "Total Injuries (2015–2025)": 0, "Latitude": 33.6177508, "Longitude": -86.7488159, "Annual average daily traffic count": 430.0, "Annual average daily traffic year": 2011.0 }, "geometry": { "type": "Point", "coordinates": [ 115048.314330816327129, 346083.244041976577137 ] } },
{ "type": "Feature", "properties": { "fid": 63, "Crossing ID": "352724S", "Street": "PAWNEE VILLAGE RD", "crossing_position": "At Grade", "Trains per day": 0.0, "Total Incidents (Since 1975)": 4, "Total Fatalities (Since 1975)": 0, "Total Injuries (Since 1975)": 4, "Total Incidents (2015–2025)": 0, "Total Fatalities (2015–2025)": 0, "Total Injuries (2015–2025)": 0, "Latitude": 33.6246769, "Longitude": -86.7433756, "Annual average daily traffic count": 2340.0, "Annual average daily traffic year": 2011.0 }, "geometry": { "type": "Point", "coordinates": [ 115559.921248190687038, 346847.010053983714897 ] } },
{ "type": "Feature", "properties": { "fid": 64, "Crossing ID": "352726F", "Street": "MEADOW CRAFT RD", "crossing_position": "At Grade", "Trains per day": 0.0, "Total Incidents (Since 1975)": 1, "Total Fatalities (Since 1975)": 0, "Total Injuries (Since 1975)": 0, "Total Incidents (2015–2025)": 0, "Total Fatalities (2015–2025)": 0, "Total Injuries (2015–2025)": 0, "Latitude": 33.64313347, "Longitude": -86.72885277, "Annual average daily traffic count": 2030.0, "Annual average daily traffic year": 2011.0 }, "geometry": { "type": "Point", "coordinates": [ 116925.228102702822071, 348882.391418355167843 ] } },
{ "type": "Feature", "properties": { "fid": 65, "Crossing ID": "352727M", "Street": "RED HOLLOW RD", "crossing_position": "At Grade", "Trains per day": 0.0, "Total Incidents (Since 1975)": 1, "Total Fatalities (Since 1975)": 0, "Total Injuries (Since 1975)": 0, "Total Incidents (2015–2025)": 0, "Total Fatalities (2015–2025)": 0, "Total Injuries (2015–2025)": 0, "Latitude": 33.6502594, "Longitude": -86.7232389, "Annual average daily traffic count": 2230.0, "Annual average daily traffic year": 2011.0 }, "geometry": { "type": "Point", "coordinates": [ 117452.833361341137788, 349668.280633527261671 ] } },
{ "type": "Feature", "properties": { "fid": 66, "Crossing ID": "639567Y", "Street": "5TH ST N", "crossing_position": "At Grade", "Trains per day": 2.0, "Total Incidents (Since 1975)": 0, "Total Fatalities (Since 1975)": 0, "Total Injuries (Since 1975)": 0, "Total Incidents (2015–2025)": 0, "Total Fatalities (2015–2025)": 0, "Total Injuries (2015–2025)": 0, "Latitude": 33.4248981, "Longitude": -86.9313578, "Annual average daily traffic count": 2970.0, "Annual average daily traffic year": 2011.0 }, "geometry": { "type": "Point", "coordinates": [ 97882.242503330635373, 324857.282304922991898 ] } },
{ "type": "Feature", "properties": { "fid": 67, "Crossing ID": "639568F", "Street": "15TH ST", "crossing_position": "At Grade", "Trains per day": 2.0, "Total Incidents (Since 1975)": 0, "Total Fatalities (Since 1975)": 0, "Total Injuries (Since 1975)": 0, "Total Incidents (2015–2025)": 0, "Total Fatalities (2015–2025)": 0, "Total Injuries (2015–2025)": 0, "Latitude": 33.4326373, "Longitude": -86.9251663, "Annual average daily traffic count": 1500.0, "Annual average daily traffic year": 2011.0 }, "geometry": { "type": "Point", "coordinates": [ 98467.099590505415108, 325709.620595484215301 ] } },
{ "type": "Feature", "properties": { "fid": 68, "Crossing ID": "639569M", "Street": "3RD ST", "crossing_position": "At Grade", "Trains per day": 2.0, "Total Incidents (Since 1975)": 1, "Total Fatalities (Since 1975)": 0, "Total Injuries (Since 1975)": 1, "Total Incidents (2015–2025)": 0, "Total Fatalities (2015–2025)": 0, "Total Injuries (2015–2025)": 0, "Latitude": 33.4342902, "Longitude": -86.9238403, "Annual average daily traffic count": 60.0, "Annual average daily traffic year": 2011.0 }, "geometry": { "type": "Point", "coordinates": [ 98592.336843433935428, 325891.659638570796233 ] } },
{ "type": "Feature", "properties": { "fid": 69, "Crossing ID": "639571N", "Street": "WINTERGREEN AVE", "crossing_position": "At Grade", "Trains per day": 2.0, "Total Incidents (Since 1975)": 0, "Total Fatalities (Since 1975)": 0, "Total Injuries (Since 1975)": 0, "Total Incidents (2015–2025)": 0, "Total Fatalities (2015–2025)": 0, "Total Injuries (2015–2025)": 0, "Latitude": 33.4431762, "Longitude": -86.9167252, "Annual average daily traffic count": 1880.0, "Annual average daily traffic year": 2011.0 }, "geometry": { "type": "Point", "coordinates": [ 99264.280159905640176, 326870.342423467896879 ] } },
{ "type": "Feature", "properties": { "fid": 70, "Crossing ID": "639572V", "Street": "CAIRO AVE / LILLIAN ST", "crossing_position": "At Grade", "Trains per day": 2.0, "Total Incidents (Since 1975)": 1, "Total Fatalities (Since 1975)": 0, "Total Injuries (Since 1975)": 0, "Total Incidents (2015–2025)": 0, "Total Fatalities (2015–2025)": 0, "Total Injuries (2015–2025)": 0, "Latitude": 33.4443829, "Longitude": -86.9156856, "Annual average daily traffic count": 2830.0, "Annual average daily traffic year": 2011.0 }, "geometry": { "type": "Point", "coordinates": [ 99362.342017513496103, 327003.177913724037353 ] } },
{ "type": "Feature", "properties": { "fid": 71, "Crossing ID": "639573C", "Street": "MIDFIELD ST", "crossing_position": "At Grade", "Trains per day": 2.0, "Total Incidents (Since 1975)": 0, "Total Fatalities (Since 1975)": 0, "Total Injuries (Since 1975)": 0, "Total Incidents (2015–2025)": 0, "Total Fatalities (2015–2025)": 0, "Total Injuries (2015–2025)": 0, "Latitude": 33.4568613, "Longitude": -86.9034729, "Annual average daily traffic count": 11290.0, "Annual average daily traffic year": 2011.0 }, "geometry": { "type": "Point", "coordinates": [ 100512.186822113450035, 328375.476114272489212 ] } },
{ "type": "Feature", "properties": { "fid": 72, "Crossing ID": "639583H", "Street": "15TH ST W", "crossing_position": "At Grade", "Trains per day": 0.0, "Total Incidents (Since 1975)": 0, "Total Fatalities (Since 1975)": 0, "Total Injuries (Since 1975)": 0, "Total Incidents (2015–2025)": 0, "Total Fatalities (2015–2025)": 0, "Total Injuries (2015–2025)": 0, "Latitude": 33.4988758, "Longitude": -86.8611957, "Annual average daily traffic count": 40.0, "Annual average daily traffic year": 2011.0 }, "geometry": { "type": "Point", "coordinates": [ 104488.861608596576843, 332995.881410735019017 ] } },
{ "type": "Feature", "properties": { "fid": 73, "Crossing ID": "639584P", "Street": "LOMB AVE", "crossing_position": "At Grade", "Trains per day": 0.0, "Total Incidents (Since 1975)": 1, "Total Fatalities (Since 1975)": 0, "Total Injuries (Since 1975)": 0, "Total Incidents (2015–2025)": 0, "Total Fatalities (2015–2025)": 0, "Total Injuries (2015–2025)": 0, "Latitude": 33.50024, "Longitude": -86.8578947, "Annual average daily traffic count": 9405.0, "Annual average daily traffic year": 2022.0 }, "geometry": { "type": "Point", "coordinates": [ 104797.103841730640852, 333144.161697569710668 ] } },
{ "type": "Feature", "properties": { "fid": 74, "Crossing ID": "639585W", "Street": "12TH ST SW", "crossing_position": "At Grade", "Trains per day": 0.0, "Total Incidents (Since 1975)": 4, "Total Fatalities (Since 1975)": 0, "Total Injuries (Since 1975)": 0, "Total Incidents (2015–2025)": 0, "Total Fatalities (2015–2025)": 0, "Total Injuries (2015–2025)": 0, "Latitude": 33.5006828, "Longitude": -86.8568134, "Annual average daily traffic count": 4570.0, "Annual average daily traffic year": 2011.0 }, "geometry": { "type": "Point", "coordinates": [ 104898.0676214221603, 333192.284395609167404 ] } },
{ "type": "Feature", "properties": { "fid": 75, "Crossing ID": "639586D", "Street": "PRINCETON PKWY SW", "crossing_position": "At Grade", "Trains per day": 0.0, "Total Incidents (Since 1975)": 1, "Total Fatalities (Since 1975)": 0, "Total Injuries (Since 1975)": 0, "Total Incidents (2015–2025)": 0, "Total Fatalities (2015–2025)": 0, "Total Injuries (2015–2025)": 0, "Latitude": 33.5035376, "Longitude": -86.8483685, "Annual average daily traffic count": 14550.0, "Annual average daily traffic year": 2011.0 }, "geometry": { "type": "Point", "coordinates": [ 105685.899362547323108, 333501.224183156504296 ] } },
{ "type": "Feature", "properties": { "fid": 76, "Crossing ID": "639587K", "Street": "CENTER ST", "crossing_position": "At Grade", "Trains per day": 0.0, "Total Incidents (Since 1975)": 1, "Total Fatalities (Since 1975)": 0, "Total Injuries (Since 1975)": 0, "Total Incidents (2015–2025)": 0, "Total Fatalities (2015–2025)": 0, "Total Injuries (2015–2025)": 0, "Latitude": 33.5058791, "Longitude": -86.836421, "Annual average daily traffic count": 4742.0, "Annual average daily traffic year": 2022.0 }, "geometry": { "type": "Point", "coordinates": [ 106798.581894709146582, 333750.144348874746356 ] } },
{ "type": "Feature", "properties": { "fid": 77, "Crossing ID": "639588S", "Street": "4TH ST N", "crossing_position": "At Grade", "Trains per day": 0.0, "Total Incidents (Since 1975)": 0, "Total Fatalities (Since 1975)": 0, "Total Injuries (Since 1975)": 0, "Total Incidents (2015–2025)": 0, "Total Fatalities (2015–2025)": 0, "Total Injuries (2015–2025)": 0, "Latitude": 33.5065497, "Longitude": -86.8299969, "Annual average daily traffic count": 11963.0, "Annual average daily traffic year": 2022.0 }, "geometry": { "type": "Point", "coordinates": [ 107396.212275915720966, 333818.775834005558863 ] } },
{ "type": "Feature", "properties": { "fid": 78, "Crossing ID": "639589Y", "Street": "5TH ST N", "crossing_position": "At Grade", "Trains per day": 0.0, "Total Incidents (Since 1975)": 1, "Total Fatalities (Since 1975)": 0, "Total Injuries (Since 1975)": 0, "Total Incidents (2015–2025)": 0, "Total Fatalities (2015–2025)": 0, "Total Injuries (2015–2025)": 0, "Latitude": 33.5065306, "Longitude": -86.8285266, "Annual average daily traffic count": 200.0, "Annual average daily traffic year": 2011.0 }, "geometry": { "type": "Point", "coordinates": [ 107532.808441675835638, 333815.346840830286965 ] } },
{ "type": "Feature", "properties": { "fid": 79, "Crossing ID": "639590T", "Street": "2ND AVE N 6TH ST N", "crossing_position": "At Grade", "Trains per day": 0.0, "Total Incidents (Since 1975)": 2, "Total Fatalities (Since 1975)": 0, "Total Injuries (Since 1975)": 1, "Total Incidents (2015–2025)": 0, "Total Fatalities (2015–2025)": 0, "Total Injuries (2015–2025)": 0, "Latitude": 33.5061877, "Longitude": -86.8265038, "Annual average daily traffic count": 2350.0, "Annual average daily traffic year": 2011.0 }, "geometry": { "type": "Point", "coordinates": [ 107720.397665463504381, 333775.514082070731092 ] } },
{ "type": "Feature", "properties": { "fid": 80, "Crossing ID": "639591A", "Street": "1ST AVE N", "crossing_position": "At Grade", "Trains per day": 0.0, "Total Incidents (Since 1975)": 0, "Total Fatalities (Since 1975)": 0, "Total Injuries (Since 1975)": 0, "Total Incidents (2015–2025)": 0, "Total Fatalities (2015–2025)": 0, "Total Injuries (2015–2025)": 0, "Latitude": 33.5053209, "Longitude": -86.8244978, "Annual average daily traffic count": 4600.0, "Annual average daily traffic year": 2011.0 }, "geometry": { "type": "Point", "coordinates": [ 107905.872081803201581, 333677.591240310692228 ] } },
{ "type": "Feature", "properties": { "fid": 81, "Crossing ID": "639593N", "Street": "48TH ST S", "crossing_position": "At Grade", "Trains per day": null, "Total Incidents (Since 1975)": 1, "Total Fatalities (Since 1975)": 1, "Total Injuries (Since 1975)": 0, "Total Incidents (2015–2025)": 0, "Total Fatalities (2015–2025)": 0, "Total Injuries (2015–2025)": 0, "Latitude": 33.53105372, "Longitude": -86.76161949, "Annual average daily traffic count": 210.0, "Annual average daily traffic year": 2011.0 }, "geometry": { "type": "Point", "coordinates": [ 113773.969215652861749, 336477.74042931891745 ] } },
{ "type": "Feature", "properties": { "fid": 82, "Crossing ID": "639594V", "Street": "50TH ST S", "crossing_position": "At Grade", "Trains per day": 4.0, "Total Incidents (Since 1975)": 3, "Total Fatalities (Since 1975)": 0, "Total Injuries (Since 1975)": 1, "Total Incidents (2015–2025)": 0, "Total Fatalities (2015–2025)": 0, "Total Injuries (2015–2025)": 0, "Latitude": 33.5321616, "Longitude": -86.758573, "Annual average daily traffic count": 2697.0, "Annual average daily traffic year": 2022.0 }, "geometry": { "type": "Point", "coordinates": [ 114058.055771832339815, 336598.093400506477337 ] } },
{ "type": "Feature", "properties": { "fid": 83, "Crossing ID": "639596J", "Street": "53RD ST S", "crossing_position": "At Grade", "Trains per day": null, "Total Incidents (Since 1975)": 0, "Total Fatalities (Since 1975)": 0, "Total Injuries (Since 1975)": 0, "Total Incidents (2015–2025)": 0, "Total Fatalities (2015–2025)": 0, "Total Injuries (2015–2025)": 0, "Latitude": 33.53403432, "Longitude": -86.75299751, "Annual average daily traffic count": 180.0, "Annual average daily traffic year": 2011.0 }, "geometry": { "type": "Point", "coordinates": [ 114577.801449263060931, 336801.201742092205677 ] } },
{ "type": "Feature", "properties": { "fid": 84, "Crossing ID": "639597R", "Street": "6TH ST S 54TH ST S", "crossing_position": "At Grade", "Trains per day": 4.0, "Total Incidents (Since 1975)": 0, "Total Fatalities (Since 1975)": 0, "Total Injuries (Since 1975)": 0, "Total Incidents (2015–2025)": 0, "Total Fatalities (2015–2025)": 0, "Total Injuries (2015–2025)": 0, "Latitude": 33.5345013, "Longitude": -86.7508818, "Annual average daily traffic count": 220.0, "Annual average daily traffic year": 2011.0 }, "geometry": { "type": "Point", "coordinates": [ 114774.782241761946352, 336851.256830422265921 ] } },
{ "type": "Feature", "properties": { "fid": 85, "Crossing ID": "639598X", "Street": "56TH ST S", "crossing_position": "At Grade", "Trains per day": 4.0, "Total Incidents (Since 1975)": 0, "Total Fatalities (Since 1975)": 0, "Total Injuries (Since 1975)": 0, "Total Incidents (2015–2025)": 0, "Total Fatalities (2015–2025)": 0, "Total Injuries (2015–2025)": 0, "Latitude": 33.5350122, "Longitude": -86.7481145, "Annual average daily traffic count": 3383.0, "Annual average daily traffic year": 2022.0 }, "geometry": { "type": "Point", "coordinates": [ 115032.32818927783228, 336905.652913773432374 ] } },
{ "type": "Feature", "properties": { "fid": 86, "Crossing ID": "639599E", "Street": "58TH ST S", "crossing_position": "At Grade", "Trains per day": null, "Total Incidents (Since 1975)": 0, "Total Fatalities (Since 1975)": 0, "Total Injuries (Since 1975)": 0, "Total Incidents (2015–2025)": 0, "Total Fatalities (2015–2025)": 0, "Total Injuries (2015–2025)": 0, "Latitude": 33.53570032, "Longitude": -86.74468068, "Annual average daily traffic count": 240.0, "Annual average daily traffic year": 2011.0 }, "geometry": { "type": "Point", "coordinates": [ 115351.954432408863795, 336979.167708820255939 ] } },
{ "type": "Feature", "properties": { "fid": 87, "Crossing ID": "639600W", "Street": "ANTWERP ST", "crossing_position": "At Grade", "Trains per day": null, "Total Incidents (Since 1975)": 0, "Total Fatalities (Since 1975)": 0, "Total Injuries (Since 1975)": 0, "Total Incidents (2015–2025)": 0, "Total Fatalities (2015–2025)": 0, "Total Injuries (2015–2025)": 0, "Latitude": 33.53590711, "Longitude": -86.73802188000001, "Annual average daily traffic count": 30.0, "Annual average daily traffic year": 2011.0 }, "geometry": { "type": "Point", "coordinates": [ 115970.661415060778381, 336996.688555740285665 ] } },
{ "type": "Feature", "properties": { "fid": 88, "Crossing ID": "639601D", "Street": "DUBLIN AVE", "crossing_position": "At Grade", "Trains per day": 4.0, "Total Incidents (Since 1975)": 2, "Total Fatalities (Since 1975)": 0, "Total Injuries (Since 1975)": 0, "Total Incidents (2015–2025)": 0, "Total Fatalities (2015–2025)": 0, "Total Injuries (2015–2025)": 0, "Latitude": 33.5359424, "Longitude": -86.7336832, "Annual average daily traffic count": 50.0, "Annual average daily traffic year": 2011.0 }, "geometry": { "type": "Point", "coordinates": [ 116373.69521838586661, 336997.095684858912136 ] } },
{ "type": "Feature", "properties": { "fid": 89, "Crossing ID": "639605F", "Street": "2ND AVE S", "crossing_position": "At Grade", "Trains per day": 2.0, "Total Incidents (Since 1975)": 0, "Total Fatalities (Since 1975)": 0, "Total Injuries (Since 1975)": 0, "Total Incidents (2015–2025)": 0, "Total Fatalities (2015–2025)": 0, "Total Injuries (2015–2025)": 0, "Latitude": 33.5365342, "Longitude": -86.7081062, "Annual average daily traffic count": 980.0, "Annual average daily traffic year": 2011.0 }, "geometry": { "type": "Point", "coordinates": [ 118749.9729447489226, 337042.403204368194565 ] } },
{ "type": "Feature", "properties": { "fid": 90, "Crossing ID": "639606M", "Street": "19TH ST S", "crossing_position": "At Grade", "Trains per day": null, "Total Incidents (Since 1975)": 0, "Total Fatalities (Since 1975)": 0, "Total Injuries (Since 1975)": 0, "Total Incidents (2015–2025)": 0, "Total Fatalities (2015–2025)": 0, "Total Injuries (2015–2025)": 0, "Latitude": 33.53634536, "Longitude": -86.70719121, "Annual average daily traffic count": 560.0, "Annual average daily traffic year": 2011.0 }, "geometry": { "type": "Point", "coordinates": [ 118834.784671391986194, 337020.741598542721476 ] } },
{ "type": "Feature", "properties": { "fid": 91, "Crossing ID": "639607U", "Street": "20TH ST S", "crossing_position": "At Grade", "Trains per day": 4.0, "Total Incidents (Since 1975)": 1, "Total Fatalities (Since 1975)": 0, "Total Injuries (Since 1975)": 0, "Total Incidents (2015–2025)": 0, "Total Fatalities (2015–2025)": 0, "Total Injuries (2015–2025)": 0, "Latitude": 33.5364116, "Longitude": -86.7054525, "Annual average daily traffic count": 2241.0, "Annual average daily traffic year": 2022.0 }, "geometry": { "type": "Point", "coordinates": [ 118996.345845986899803, 337026.729132402280811 ] } },
{ "type": "Feature", "properties": { "fid": 92, "Crossing ID": "639608B", "Street": "21ST ST S", "crossing_position": "At Grade", "Trains per day": null, "Total Incidents (Since 1975)": 1, "Total Fatalities (Since 1975)": 0, "Total Injuries (Since 1975)": 1, "Total Incidents (2015–2025)": 0, "Total Fatalities (2015–2025)": 0, "Total Injuries (2015–2025)": 0, "Latitude": 33.53703819, "Longitude": -86.70414911, "Annual average daily traffic count": 580.0, "Annual average daily traffic year": 2011.0 }, "geometry": { "type": "Point", "coordinates": [ 119117.994415374298114, 337095.209780673903879 ] } },
{ "type": "Feature", "properties": { "fid": 93, "Crossing ID": "639609H", "Street": "23RD ST S", "crossing_position": "At Grade", "Trains per day": null, "Total Incidents (Since 1975)": 1, "Total Fatalities (Since 1975)": 0, "Total Injuries (Since 1975)": 0, "Total Incidents (2015–2025)": 0, "Total Fatalities (2015–2025)": 0, "Total Injuries (2015–2025)": 0, "Latitude": 33.53844418, "Longitude": -86.70175441000001, "Annual average daily traffic count": 220.0, "Annual average daily traffic year": 2011.0 }, "geometry": { "type": "Point", "coordinates": [ 119341.729771731785149, 337249.289398814202286 ] } },
{ "type": "Feature", "properties": { "fid": 94, "Crossing ID": "639610C", "Street": "COMMERCE BLVD", "crossing_position": "At Grade", "Trains per day": 2.0, "Total Incidents (Since 1975)": 1, "Total Fatalities (Since 1975)": 0, "Total Injuries (Since 1975)": 1, "Total Incidents (2015–2025)": 0, "Total Fatalities (2015–2025)": 0, "Total Injuries (2015–2025)": 0, "Latitude": 33.5445477, "Longitude": -86.6913618, "Annual average daily traffic count": 1950.0, "Annual average daily traffic year": 2011.0 }, "geometry": { "type": "Point", "coordinates": [ 120312.622923054368584, 337918.223263505089562 ] } },
{ "type": "Feature", "properties": { "fid": 95, "Crossing ID": "639612R", "Street": "BROWNLEE RD", "crossing_position": "At Grade", "Trains per day": null, "Total Incidents (Since 1975)": 1, "Total Fatalities (Since 1975)": 2, "Total Injuries (Since 1975)": 0, "Total Incidents (2015–2025)": 0, "Total Fatalities (2015–2025)": 0, "Total Injuries (2015–2025)": 0, "Latitude": 33.54731859, "Longitude": -86.67261783, "Annual average daily traffic count": 125.0, "Annual average daily traffic year": 2022.0 }, "geometry": { "type": "Point", "coordinates": [ 122055.968679348225123, 338211.306319217081182 ] } },
{ "type": "Feature", "properties": { "fid": 96, "Crossing ID": "639614E", "Street": "MAIN ST", "crossing_position": "At Grade", "Trains per day": null, "Total Incidents (Since 1975)": 0, "Total Fatalities (Since 1975)": 0, "Total Injuries (Since 1975)": 0, "Total Incidents (2015–2025)": 0, "Total Fatalities (2015–2025)": 0, "Total Injuries (2015–2025)": 0, "Latitude": 33.56607818, "Longitude": -86.65384159, "Annual average daily traffic count": 2740.0, "Annual average daily traffic year": 2011.0 }, "geometry": { "type": "Point", "coordinates": [ 123816.241204559672042, 340278.056255373114254 ] } },
{ "type": "Feature", "properties": { "fid": 97, "Crossing ID": "639615L", "Street": "FRANKLIN ST", "crossing_position": "At Grade", "Trains per day": null, "Total Incidents (Since 1975)": 0, "Total Fatalities (Since 1975)": 0, "Total Injuries (Since 1975)": 0, "Total Incidents (2015–2025)": 0, "Total Fatalities (2015–2025)": 0, "Total Injuries (2015–2025)": 0, "Latitude": 33.57163196, "Longitude": -86.64671424, "Annual average daily traffic count": 10.0, "Annual average daily traffic year": 2011.0 }, "geometry": { "type": "Point", "coordinates": [ 124482.868696416800958, 340888.833899525401648 ] } },
{ "type": "Feature", "properties": { "fid": 98, "Crossing ID": "639617A", "Street": "JOHNSON ST", "crossing_position": "At Grade", "Trains per day": 2.0, "Total Incidents (Since 1975)": 3, "Total Fatalities (Since 1975)": 0, "Total Injuries (Since 1975)": 1, "Total Incidents (2015–2025)": 0, "Total Fatalities (2015–2025)": 0, "Total Injuries (2015–2025)": 0, "Latitude": 33.5808409, "Longitude": -86.6388233, "Annual average daily traffic count": 1980.0, "Annual average daily traffic year": 2011.0 }, "geometry": { "type": "Point", "coordinates": [ 125223.456983948548441, 341904.515917641692795 ] } },
{ "type": "Feature", "properties": { "fid": 99, "Crossing ID": "639618G", "Street": "QUEENSTOWN RD", "crossing_position": "At Grade", "Trains per day": 2.0, "Total Incidents (Since 1975)": 1, "Total Fatalities (Since 1975)": 0, "Total Injuries (Since 1975)": 0, "Total Incidents (2015–2025)": 0, "Total Fatalities (2015–2025)": 0, "Total Injuries (2015–2025)": 0, "Latitude": 33.5870801, "Longitude": -86.6279968, "Annual average daily traffic count": 4600.0, "Annual average daily traffic year": 2011.0 }, "geometry": { "type": "Point", "coordinates": [ 126233.859678586421069, 342588.771325057256036 ] } },
{ "type": "Feature", "properties": { "fid": 100, "Crossing ID": "639623D", "Street": "GRACE AVE / PERRY RD", "crossing_position": "At Grade", "Trains per day": null, "Total Incidents (Since 1975)": 0, "Total Fatalities (Since 1975)": 0, "Total Injuries (Since 1975)": 0, "Total Incidents (2015–2025)": 0, "Total Fatalities (2015–2025)": 0, "Total Injuries (2015–2025)": 0, "Latitude": 33.60762345, "Longitude": -86.56744432000001, "Annual average daily traffic count": 3480.0, "Annual average daily traffic year": 2011.0 }, "geometry": { "type": "Point", "coordinates": [ 131871.059691285539884, 344825.837122347438708 ] } },
{ "type": "Feature", "properties": { "fid": 101, "Crossing ID": "640237P", "Street": "32ND ST S", "crossing_position": "At Grade", "Trains per day": null, "Total Incidents (Since 1975)": 1, "Total Fatalities (Since 1975)": 0, "Total Injuries (Since 1975)": 0, "Total Incidents (2015–2025)": 0, "Total Fatalities (2015–2025)": 0, "Total Injuries (2015–2025)": 0, "Latitude": 33.52040608, "Longitude": -86.78790208, "Annual average daily traffic count": 2252.0, "Annual average daily traffic year": 2022.0 }, "geometry": { "type": "Point", "coordinates": [ 111321.690408021298936, 335318.904980216640979 ] } },
{ "type": "Feature", "properties": { "fid": 102, "Crossing ID": "640241E", "Street": "1ST AVE S", "crossing_position": "At Grade", "Trains per day": 4.0, "Total Incidents (Since 1975)": 0, "Total Fatalities (Since 1975)": 0, "Total Injuries (Since 1975)": 0, "Total Incidents (2015–2025)": 0, "Total Fatalities (2015–2025)": 0, "Total Injuries (2015–2025)": 0, "Latitude": 33.520143, "Longitude": -86.7865756, "Annual average daily traffic count": 2890.0, "Annual average daily traffic year": 2011.0 }, "geometry": { "type": "Point", "coordinates": [ 111444.654996986690094, 335288.592737740487792 ] } },
{ "type": "Feature", "properties": { "fid": 103, "Crossing ID": "640242L", "Street": "34TH ST S", "crossing_position": "At Grade", "Trains per day": 4.0, "Total Incidents (Since 1975)": 1, "Total Fatalities (Since 1975)": 0, "Total Injuries (Since 1975)": 0, "Total Incidents (2015–2025)": 0, "Total Fatalities (2015–2025)": 0, "Total Injuries (2015–2025)": 0, "Latitude": 33.520939, "Longitude": -86.7846888, "Annual average daily traffic count": 210.0, "Annual average daily traffic year": 2011.0 }, "geometry": { "type": "Point", "coordinates": [ 111620.753254337178078, 335375.272939773916733 ] } },
{ "type": "Feature", "properties": { "fid": 104, "Crossing ID": "640244A", "Street": "35TH ST S", "crossing_position": "At Grade", "Trains per day": 4.0, "Total Incidents (Since 1975)": 0, "Total Fatalities (Since 1975)": 0, "Total Injuries (Since 1975)": 0, "Total Incidents (2015–2025)": 0, "Total Fatalities (2015–2025)": 0, "Total Injuries (2015–2025)": 0, "Latitude": 33.5215927, "Longitude": -86.7833123, "Annual average daily traffic count": 100.0, "Annual average daily traffic year": 2011.0 }, "geometry": { "type": "Point", "coordinates": [ 111749.296464898550767, 335446.60688445402775 ] } },
{ "type": "Feature", "properties": { "fid": 105, "Crossing ID": "640246N", "Street": "39TH ST S", "crossing_position": "At Grade", "Trains per day": 4.0, "Total Incidents (Since 1975)": 2, "Total Fatalities (Since 1975)": 0, "Total Injuries (Since 1975)": 1, "Total Incidents (2015–2025)": 0, "Total Fatalities (2015–2025)": 0, "Total Injuries (2015–2025)": 0, "Latitude": 33.5242136, "Longitude": -86.7778484, "Annual average daily traffic count": 210.0, "Annual average daily traffic year": 2011.0 }, "geometry": { "type": "Point", "coordinates": [ 112259.545113793399651, 335732.671643338806462 ] } },
{ "type": "Feature", "properties": { "fid": 106, "Crossing ID": "640247V", "Street": "41ST ST S", "crossing_position": "At Grade", "Trains per day": 2.0, "Total Incidents (Since 1975)": 9, "Total Fatalities (Since 1975)": 0, "Total Injuries (Since 1975)": 4, "Total Incidents (2015–2025)": 0, "Total Fatalities (2015–2025)": 0, "Total Injuries (2015–2025)": 0, "Latitude": 33.5255313, "Longitude": -86.7750734, "Annual average daily traffic count": 7570.0, "Annual average daily traffic year": 2011.0 }, "geometry": { "type": "Point", "coordinates": [ 112518.664389990255586, 335876.481792033242527 ] } },
{ "type": "Feature", "properties": { "fid": 107, "Crossing ID": "640249J", "Street": "42ND ST S", "crossing_position": "At Grade", "Trains per day": 4.0, "Total Incidents (Since 1975)": 0, "Total Fatalities (Since 1975)": 0, "Total Injuries (Since 1975)": 0, "Total Incidents (2015–2025)": 0, "Total Fatalities (2015–2025)": 0, "Total Injuries (2015–2025)": 0, "Latitude": 33.5261758, "Longitude": -86.7737181, "Annual average daily traffic count": 50.0, "Annual average daily traffic year": 2011.0 }, "geometry": { "type": "Point", "coordinates": [ 112645.215397956868401, 335946.824900617473759 ] } },
{ "type": "Feature", "properties": { "fid": 108, "Crossing ID": "640250D", "Street": "43RD ST S", "crossing_position": "At Grade", "Trains per day": null, "Total Incidents (Since 1975)": 0, "Total Fatalities (Since 1975)": 0, "Total Injuries (Since 1975)": 0, "Total Incidents (2015–2025)": 0, "Total Fatalities (2015–2025)": 0, "Total Injuries (2015–2025)": 0, "Latitude": 33.52785694, "Longitude": -86.77017862, "Annual average daily traffic count": 1070.0, "Annual average daily traffic year": 2011.0 }, "geometry": { "type": "Point", "coordinates": [ 112975.703114383752109, 336130.314818454207852 ] } },
{ "type": "Feature", "properties": { "fid": 109, "Crossing ID": "663599R", "Street": "16TH ST N", "crossing_position": "At Grade", "Trains per day": 2.0, "Total Incidents (Since 1975)": 15, "Total Fatalities (Since 1975)": 0, "Total Injuries (Since 1975)": 2, "Total Incidents (2015–2025)": 1, "Total Fatalities (2015–2025)": 0, "Total Injuries (2015–2025)": 1, "Latitude": 33.53748929, "Longitude": -86.82816831, "Annual average daily traffic count": 9083.0, "Annual average daily traffic year": 2022.0 }, "geometry": { "type": "Point", "coordinates": [ 107599.045570389527711, 337248.83926141471602 ] } },
{ "type": "Feature", "properties": { "fid": 110, "Crossing ID": "663600H", "Street": "18TH ST N", "crossing_position": "At Grade", "Trains per day": 2.0, "Total Incidents (Since 1975)": 5, "Total Fatalities (Since 1975)": 0, "Total Injuries (Since 1975)": 2, "Total Incidents (2015–2025)": 0, "Total Fatalities (2015–2025)": 0, "Total Injuries (2015–2025)": 0, "Latitude": 33.53834218, "Longitude": -86.82527884, "Annual average daily traffic count": 984.0, "Annual average daily traffic year": 2022.0 }, "geometry": { "type": "Point", "coordinates": [ 107868.33726307238976, 337340.868398161430378 ] } },
{ "type": "Feature", "properties": { "fid": 111, "Crossing ID": "663601P", "Street": "24TH ST N", "crossing_position": "At Grade", "Trains per day": 2.0, "Total Incidents (Since 1975)": 9, "Total Fatalities (Since 1975)": 0, "Total Injuries (Since 1975)": 0, "Total Incidents (2015–2025)": 0, "Total Fatalities (2015–2025)": 0, "Total Injuries (2015–2025)": 0, "Latitude": 33.54184445, "Longitude": -86.81686974, "Annual average daily traffic count": 2396.0, "Annual average daily traffic year": 2022.0 }, "geometry": { "type": "Point", "coordinates": [ 108653.088650391131523, 337721.889122494263574 ] } },
{ "type": "Feature", "properties": { "fid": 112, "Crossing ID": "663602W", "Street": "25TH ST N", "crossing_position": "At Grade", "Trains per day": 2.0, "Total Incidents (Since 1975)": 4, "Total Fatalities (Since 1975)": 0, "Total Injuries (Since 1975)": 2, "Total Incidents (2015–2025)": 0, "Total Fatalities (2015–2025)": 0, "Total Injuries (2015–2025)": 0, "Latitude": 33.54244833, "Longitude": -86.81560133000001, "Annual average daily traffic count": 981.0, "Annual average daily traffic year": 2022.0 }, "geometry": { "type": "Point", "coordinates": [ 108771.532779727407615, 337787.752740715164691 ] } },
{ "type": "Feature", "properties": { "fid": 113, "Crossing ID": "663604K", "Street": "27TH STREET NORTH", "crossing_position": "At Grade", "Trains per day": 2.0, "Total Incidents (Since 1975)": 1, "Total Fatalities (Since 1975)": 0, "Total Injuries (Since 1975)": 0, "Total Incidents (2015–2025)": 0, "Total Fatalities (2015–2025)": 0, "Total Injuries (2015–2025)": 0, "Latitude": 33.54378203, "Longitude": -86.81279621, "Annual average daily traffic count": 759.0, "Annual average daily traffic year": 2022.0 }, "geometry": { "type": "Point", "coordinates": [ 109033.467156958737178, 337933.217671183519997 ] } },
{ "type": "Feature", "properties": { "fid": 114, "Crossing ID": "663605S", "Street": "SHUTTLESWORTH DR", "crossing_position": "At Grade", "Trains per day": 4.0, "Total Incidents (Since 1975)": 2, "Total Fatalities (Since 1975)": 0, "Total Injuries (Since 1975)": 0, "Total Incidents (2015–2025)": 0, "Total Fatalities (2015–2025)": 0, "Total Injuries (2015–2025)": 0, "Latitude": 33.54544698, "Longitude": -86.80931576, "Annual average daily traffic count": 2774.0, "Annual average daily traffic year": 2022.0 }, "geometry": { "type": "Point", "coordinates": [ 109358.461413008073578, 338114.840083389193751 ] } },
{ "type": "Feature", "properties": { "fid": 115, "Crossing ID": "663606Y", "Street": "27TH AVENUE NORTH", "crossing_position": "At Grade", "Trains per day": 0.0, "Total Incidents (Since 1975)": 4, "Total Fatalities (Since 1975)": 0, "Total Injuries (Since 1975)": 1, "Total Incidents (2015–2025)": 0, "Total Fatalities (2015–2025)": 0, "Total Injuries (2015–2025)": 0, "Latitude": 33.54947031, "Longitude": -86.79606468, "Annual average daily traffic count": 4353.0, "Annual average daily traffic year": 2022.0 }, "geometry": { "type": "Point", "coordinates": [ 110593.307979839504696, 338549.588637403445318 ] } },
{ "type": "Feature", "properties": { "fid": 116, "Crossing ID": "663610N", "Street": "ALLEY NEAR 35TH AVE N", "crossing_position": "At Grade", "Trains per day": 0.0, "Total Incidents (Since 1975)": 0, "Total Fatalities (Since 1975)": 0, "Total Injuries (Since 1975)": 0, "Total Incidents (2015–2025)": 0, "Total Fatalities (2015–2025)": 0, "Total Injuries (2015–2025)": 0, "Latitude": 33.558805, "Longitude": -86.812558, "Annual average daily traffic count": 4998.0, "Annual average daily traffic year": 2022.0 }, "geometry": { "type": "Point", "coordinates": [ 109071.339804354080115, 339599.299592527444474 ] } },
{ "type": "Feature", "properties": { "fid": 117, "Crossing ID": "663613J", "Street": "25TH ST N", "crossing_position": "At Grade", "Trains per day": 2.0, "Total Incidents (Since 1975)": 0, "Total Fatalities (Since 1975)": 0, "Total Injuries (Since 1975)": 0, "Total Incidents (2015–2025)": 0, "Total Fatalities (2015–2025)": 0, "Total Injuries (2015–2025)": 0, "Latitude": 33.54820102, "Longitude": -86.81814362, "Annual average daily traffic count": 1692.0, "Annual average daily traffic year": 1994.0 }, "geometry": { "type": "Point", "coordinates": [ 108541.471721647612867, 338428.058207366673741 ] } },
{ "type": "Feature", "properties": { "fid": 118, "Crossing ID": "663614R", "Street": "24TH ST N", "crossing_position": "At Grade", "Trains per day": 2.0, "Total Incidents (Since 1975)": 0, "Total Fatalities (Since 1975)": 0, "Total Injuries (Since 1975)": 0, "Total Incidents (2015–2025)": 0, "Total Fatalities (2015–2025)": 0, "Total Injuries (2015–2025)": 0, "Latitude": 33.54782339, "Longitude": -86.8195457, "Annual average daily traffic count": 2396.0, "Annual average daily traffic year": 2022.0 }, "geometry": { "type": "Point", "coordinates": [ 108410.858095119241625, 338387.410348031204194 ] } },
{ "type": "Feature", "properties": { "fid": 119, "Crossing ID": "663628Y", "Street": "10TH AVE N", "crossing_position": "At Grade", "Trains per day": 0.0, "Total Incidents (Since 1975)": 0, "Total Fatalities (Since 1975)": 0, "Total Injuries (Since 1975)": 0, "Total Incidents (2015–2025)": 0, "Total Fatalities (2015–2025)": 0, "Total Injuries (2015–2025)": 0, "Latitude": 33.52935493, "Longitude": -86.80158336, "Annual average daily traffic count": 18463.0, "Annual average daily traffic year": 2022.0 }, "geometry": { "type": "Point", "coordinates": [ 110059.938377929356648, 336323.246000997838564 ] } },
{ "type": "Feature", "properties": { "fid": 120, "Crossing ID": "663632N", "Street": "BROCK IND DR", "crossing_position": "At Grade", "Trains per day": 8.0, "Total Incidents (Since 1975)": 0, "Total Fatalities (Since 1975)": 0, "Total Injuries (Since 1975)": 0, "Total Incidents (2015–2025)": 0, "Total Fatalities (2015–2025)": 0, "Total Injuries (2015–2025)": 0, "Latitude": 33.5162992, "Longitude": -86.8746849, "Annual average daily traffic count": 410.0, "Annual average daily traffic year": 2011.0 }, "geometry": { "type": "Point", "coordinates": [ 103254.764516626484692, 334940.910300839634147 ] } },
{ "type": "Feature", "properties": { "fid": 121, "Crossing ID": "663633V", "Street": "ROBERTS IND PARK DR", "crossing_position": "At Grade", "Trains per day": 6.0, "Total Incidents (Since 1975)": 0, "Total Fatalities (Since 1975)": 0, "Total Injuries (Since 1975)": 0, "Total Incidents (2015–2025)": 0, "Total Fatalities (2015–2025)": 0, "Total Injuries (2015–2025)": 0, "Latitude": 33.51636901, "Longitude": -86.87119518, "Annual average daily traffic count": 250.0, "Annual average daily traffic year": 2011.0 }, "geometry": { "type": "Point", "coordinates": [ 103579.063121581464657, 334945.405905484047253 ] } },
{ "type": "Feature", "properties": { "fid": 122, "Crossing ID": "663634C", "Street": "ROBERTS IND PARK DR", "crossing_position": "At Grade", "Trains per day": 6.0, "Total Incidents (Since 1975)": 0, "Total Fatalities (Since 1975)": 0, "Total Injuries (Since 1975)": 0, "Total Incidents (2015–2025)": 0, "Total Fatalities (2015–2025)": 0, "Total Injuries (2015–2025)": 0, "Latitude": 33.51711042, "Longitude": -86.8711632, "Annual average daily traffic count": 170.0, "Annual average daily traffic year": 2011.0 }, "geometry": { "type": "Point", "coordinates": [ 103582.857310970925028, 335027.61076152586611 ] } },
{ "type": "Feature", "properties": { "fid": 123, "Crossing ID": "663636R", "Street": "29TH ST N", "crossing_position": "At Grade", "Trains per day": 0.0, "Total Incidents (Since 1975)": 0, "Total Fatalities (Since 1975)": 0, "Total Injuries (Since 1975)": 0, "Total Incidents (2015–2025)": 0, "Total Fatalities (2015–2025)": 0, "Total Injuries (2015–2025)": 0, "Latitude": 33.529903, "Longitude": -86.799779, "Annual average daily traffic count": 790.0, "Annual average daily traffic year": 1994.0 }, "geometry": { "type": "Point", "coordinates": [ 110228.116953110526083, 336382.472897460858803 ] } },
{ "type": "Feature", "properties": { "fid": 124, "Crossing ID": "663650L", "Street": "AVE F", "crossing_position": "At Grade", "Trains per day": 6.0, "Total Incidents (Since 1975)": 2, "Total Fatalities (Since 1975)": 0, "Total Injuries (Since 1975)": 1, "Total Incidents (2015–2025)": 1, "Total Fatalities (2015–2025)": 0, "Total Injuries (2015–2025)": 0, "Latitude": 33.52571942, "Longitude": -86.88545825, "Annual average daily traffic count": 3531.0, "Annual average daily traffic year": 2022.0 }, "geometry": { "type": "Point", "coordinates": [ 102264.441154142725281, 335995.864690415502992 ] } },
{ "type": "Feature", "properties": { "fid": 125, "Crossing ID": "663651T", "Street": "AVENUE G/ AVENUE H", "crossing_position": "At Grade", "Trains per day": 6.0, "Total Incidents (Since 1975)": 3, "Total Fatalities (Since 1975)": 0, "Total Injuries (Since 1975)": 0, "Total Incidents (2015–2025)": 0, "Total Fatalities (2015–2025)": 0, "Total Injuries (2015–2025)": 0, "Latitude": 33.52494636, "Longitude": -86.88347623, "Annual average daily traffic count": 410.0, "Annual average daily traffic year": 2011.0 }, "geometry": { "type": "Point", "coordinates": [ 102447.697391548732412, 335908.254182250937447 ] } },
{ "type": "Feature", "properties": { "fid": 126, "Crossing ID": "663652A", "Street": "AVE W", "crossing_position": "At Grade", "Trains per day": 6.0, "Total Incidents (Since 1975)": 4, "Total Fatalities (Since 1975)": 0, "Total Injuries (Since 1975)": 5, "Total Incidents (2015–2025)": 0, "Total Fatalities (2015–2025)": 0, "Total Injuries (2015–2025)": 0, "Latitude": 33.52322294, "Longitude": -86.87905257, "Annual average daily traffic count": 12886.0, "Annual average daily traffic year": 2022.0 }, "geometry": { "type": "Point", "coordinates": [ 102856.719957988636452, 335712.94799110799795 ] } },
{ "type": "Feature", "properties": { "fid": 127, "Crossing ID": "664841A", "Street": "PALOS RD", "crossing_position": "At Grade", "Trains per day": 6.0, "Total Incidents (Since 1975)": 0, "Total Fatalities (Since 1975)": 0, "Total Injuries (Since 1975)": 0, "Total Incidents (2015–2025)": 0, "Total Fatalities (2015–2025)": 0, "Total Injuries (2015–2025)": 0, "Latitude": 33.6456812, "Longitude": -87.04523778, "Annual average daily traffic count": 20.0, "Annual average daily traffic year": 2011.0 }, "geometry": { "type": "Point", "coordinates": [ 87576.972243472846458, 349464.017764136777259 ] } },
{ "type": "Feature", "properties": { "fid": 128, "Crossing ID": "664844V", "Street": "SPRING ST", "crossing_position": "At Grade", "Trains per day": 6.0, "Total Incidents (Since 1975)": 2, "Total Fatalities (Since 1975)": 0, "Total Injuries (Since 1975)": 0, "Total Incidents (2015–2025)": 0, "Total Fatalities (2015–2025)": 0, "Total Injuries (2015–2025)": 0, "Latitude": 33.601105, "Longitude": -86.9555073, "Annual average daily traffic count": 1654.0, "Annual average daily traffic year": 2022.0 }, "geometry": { "type": "Point", "coordinates": [ 95847.628583915196941, 344425.704259498335887 ] } },
{ "type": "Feature", "properties": { "fid": 129, "Crossing ID": "664846J", "Street": "POPLAR LN", "crossing_position": "At Grade", "Trains per day": 6.0, "Total Incidents (Since 1975)": 0, "Total Fatalities (Since 1975)": 0, "Total Injuries (Since 1975)": 0, "Total Incidents (2015–2025)": 0, "Total Fatalities (2015–2025)": 0, "Total Injuries (2015–2025)": 0, "Latitude": 33.58619997, "Longitude": -86.9447605, "Annual average daily traffic count": 980.0, "Annual average daily traffic year": 2011.0 }, "geometry": { "type": "Point", "coordinates": [ 96827.363897878472926, 342761.696243379788939 ] } },
{ "type": "Feature", "properties": { "fid": 130, "Crossing ID": "664848X", "Street": "5TH ST", "crossing_position": "At Grade", "Trains per day": 6.0, "Total Incidents (Since 1975)": 0, "Total Fatalities (Since 1975)": 0, "Total Injuries (Since 1975)": 0, "Total Incidents (2015–2025)": 0, "Total Fatalities (2015–2025)": 0, "Total Injuries (2015–2025)": 0, "Latitude": 33.56279864, "Longitude": -86.92956841, "Annual average daily traffic count": 400.0, "Annual average daily traffic year": 2011.0 }, "geometry": { "type": "Point", "coordinates": [ 98210.214373346927459, 340151.031415070290677 ] } },
{ "type": "Feature", "properties": { "fid": 131, "Crossing ID": "664852M", "Street": "BLOUNT ST", "crossing_position": "At Grade", "Trains per day": 6.0, "Total Incidents (Since 1975)": 2, "Total Fatalities (Since 1975)": 0, "Total Injuries (Since 1975)": 1, "Total Incidents (2015–2025)": 0, "Total Fatalities (2015–2025)": 0, "Total Injuries (2015–2025)": 0, "Latitude": 33.53719144, "Longitude": -86.89929557000001, "Annual average daily traffic count": 210.0, "Annual average daily traffic year": 2011.0 }, "geometry": { "type": "Point", "coordinates": [ 100992.072221678565256, 337281.427869272534736 ] } },
{ "type": "Feature", "properties": { "fid": 132, "Crossing ID": "670859Y", "Street": "BROCK IND DR", "crossing_position": "At Grade", "Trains per day": 8.0, "Total Incidents (Since 1975)": 0, "Total Fatalities (Since 1975)": 0, "Total Injuries (Since 1975)": 0, "Total Incidents (2015–2025)": 0, "Total Fatalities (2015–2025)": 0, "Total Injuries (2015–2025)": 0, "Latitude": 33.5172163, "Longitude": -86.87465414, "Annual average daily traffic count": 150.0, "Annual average daily traffic year": 2011.0 }, "geometry": { "type": "Point", "coordinates": [ 103258.643817187476088, 335042.603153205942363 ] } },
{ "type": "Feature", "properties": { "fid": 133, "Crossing ID": "725362R", "Street": "ARGO MARGARET RD", "crossing_position": "At Grade", "Trains per day": 13.0, "Total Incidents (Since 1975)": 1, "Total Fatalities (Since 1975)": 0, "Total Injuries (Since 1975)": 0, "Total Incidents (2015–2025)": 1, "Total Fatalities (2015–2025)": 0, "Total Injuries (2015–2025)": 0, "Latitude": 33.7011095, "Longitude": -86.5198573, "Annual average daily traffic count": 7810.0, "Annual average daily traffic year": 2011.0 }, "geometry": { "type": "Point", "coordinates": [ 136356.326436856616056, 355164.517701624019537 ] } },
{ "type": "Feature", "properties": { "fid": 134, "Crossing ID": "725363X", "Street": "ARGO PARK DR", "crossing_position": "At Grade", "Trains per day": 13.0, "Total Incidents (Since 1975)": 1, "Total Fatalities (Since 1975)": 0, "Total Injuries (Since 1975)": 0, "Total Incidents (2015–2025)": 1, "Total Fatalities (2015–2025)": 0, "Total Injuries (2015–2025)": 0, "Latitude": 33.6972974, "Longitude": -86.5223595, "Annual average daily traffic count": 13641.0, "Annual average daily traffic year": 2022.0 }, "geometry": { "type": "Point", "coordinates": [ 136121.535198167257477, 354743.241278111934662 ] } },
{ "type": "Feature", "properties": { "fid": 135, "Crossing ID": "725365L", "Street": "MICKLEWRIGHT RD", "crossing_position": "At Grade", "Trains per day": 13.0, "Total Incidents (Since 1975)": 1, "Total Fatalities (Since 1975)": 0, "Total Injuries (Since 1975)": 0, "Total Incidents (2015–2025)": 0, "Total Fatalities (2015–2025)": 0, "Total Injuries (2015–2025)": 0, "Latitude": 33.6856377, "Longitude": -86.5293424, "Annual average daily traffic count": 6110.0, "Annual average daily traffic year": 2011.0 }, "geometry": { "type": "Point", "coordinates": [ 135465.431654649786651, 353454.340499684854876 ] } },
{ "type": "Feature", "properties": { "fid": 136, "Crossing ID": "725366T", "Street": "ADVENT CIRCLE", "crossing_position": "At Grade", "Trains per day": 13.0, "Total Incidents (Since 1975)": 2, "Total Fatalities (Since 1975)": 0, "Total Injuries (Since 1975)": 3, "Total Incidents (2015–2025)": 0, "Total Fatalities (2015–2025)": 0, "Total Injuries (2015–2025)": 0, "Latitude": 33.681583, "Longitude": -86.5305882, "Annual average daily traffic count": 90.0, "Annual average daily traffic year": 2011.0 }, "geometry": { "type": "Point", "coordinates": [ 135346.881396821700037, 353005.390794471080881 ] } },
{ "type": "Feature", "properties": { "fid": 137, "Crossing ID": "725367A", "Street": "MICKLEWRIGHT RD", "crossing_position": "At Grade", "Trains per day": 13.0, "Total Incidents (Since 1975)": 3, "Total Fatalities (Since 1975)": 0, "Total Injuries (Since 1975)": 0, "Total Incidents (2015–2025)": 0, "Total Fatalities (2015–2025)": 0, "Total Injuries (2015–2025)": 0, "Latitude": 33.6713319, "Longitude": -86.5350286, "Annual average daily traffic count": 230.0, "Annual average daily traffic year": 2011.0 }, "geometry": { "type": "Point", "coordinates": [ 134927.411956748983357, 351871.174406996578909 ] } },
{ "type": "Feature", "properties": { "fid": 138, "Crossing ID": "725370H", "Street": "PEGGY LANE", "crossing_position": "At Grade", "Trains per day": 13.0, "Total Incidents (Since 1975)": 0, "Total Fatalities (Since 1975)": 0, "Total Injuries (Since 1975)": 0, "Total Incidents (2015–2025)": 0, "Total Fatalities (2015–2025)": 0, "Total Injuries (2015–2025)": 0, "Latitude": 33.6550057, "Longitude": -86.5527567, "Annual average daily traffic count": 1.0, "Annual average daily traffic year": 1988.0 }, "geometry": { "type": "Point", "coordinates": [ 133270.730115547397872, 350071.653686500969343 ] } },
{ "type": "Feature", "properties": { "fid": 139, "Crossing ID": "725371P", "Street": "MEADOWLARK DRIVE", "crossing_position": "At Grade", "Trains per day": 13.0, "Total Incidents (Since 1975)": 5, "Total Fatalities (Since 1975)": 1, "Total Injuries (Since 1975)": 1, "Total Incidents (2015–2025)": 0, "Total Fatalities (2015–2025)": 0, "Total Injuries (2015–2025)": 0, "Latitude": 33.6503735, "Longitude": -86.560642, "Annual average daily traffic count": 10.0, "Annual average daily traffic year": 2011.0 }, "geometry": { "type": "Point", "coordinates": [ 132535.706064777099527, 349562.989805498742498 ] } },
{ "type": "Feature", "properties": { "fid": 140, "Crossing ID": "725372W", "Street": "CAMP COLEMAN RD", "crossing_position": "At Grade", "Trains per day": 13.0, "Total Incidents (Since 1975)": 1, "Total Fatalities (Since 1975)": 0, "Total Injuries (Since 1975)": 0, "Total Incidents (2015–2025)": 0, "Total Fatalities (2015–2025)": 0, "Total Injuries (2015–2025)": 0, "Latitude": 33.6382769, "Longitude": -86.580447, "Annual average daily traffic count": 517.0, "Annual average daily traffic year": 2022.0 }, "geometry": { "type": "Point", "coordinates": [ 130688.876811903377529, 348234.391051020589657 ] } },
{ "type": "Feature", "properties": { "fid": 141, "Crossing ID": "725373D", "Street": "PRAYTOR RD", "crossing_position": "At Grade", "Trains per day": 13.0, "Total Incidents (Since 1975)": 1, "Total Fatalities (Since 1975)": 1, "Total Injuries (Since 1975)": 1, "Total Incidents (2015–2025)": 0, "Total Fatalities (2015–2025)": 0, "Total Injuries (2015–2025)": 0, "Latitude": 33.6312215, "Longitude": -86.5873707, "Annual average daily traffic count": 4280.0, "Annual average daily traffic year": 2011.0 }, "geometry": { "type": "Point", "coordinates": [ 130040.829892770867446, 347456.502007039438467 ] } },
{ "type": "Feature", "properties": { "fid": 142, "Crossing ID": "725374K", "Street": "BELL CROSSING", "crossing_position": "At Grade", "Trains per day": 13.0, "Total Incidents (Since 1975)": 5, "Total Fatalities (Since 1975)": 0, "Total Injuries (Since 1975)": 3, "Total Incidents (2015–2025)": 0, "Total Fatalities (2015–2025)": 0, "Total Injuries (2015–2025)": 0, "Latitude": 33.6230463, "Longitude": -86.5963653, "Annual average daily traffic count": 320.0, "Annual average daily traffic year": 2011.0 }, "geometry": { "type": "Point", "coordinates": [ 129199.60490422177827, 346555.86839510675054 ] } },
{ "type": "Feature", "properties": { "fid": 143, "Crossing ID": "725375S", "Street": "CITY HALL DR", "crossing_position": "At Grade", "Trains per day": 13.0, "Total Incidents (Since 1975)": 1, "Total Fatalities (Since 1975)": 1, "Total Injuries (Since 1975)": 0, "Total Incidents (2015–2025)": 0, "Total Fatalities (2015–2025)": 0, "Total Injuries (2015–2025)": 0, "Latitude": 33.6195857, "Longitude": -86.6034764, "Annual average daily traffic count": 30.0, "Annual average daily traffic year": 2011.0 }, "geometry": { "type": "Point", "coordinates": [ 128536.903495167323854, 346176.924293523421511 ] } },
{ "type": "Feature", "properties": { "fid": 144, "Crossing ID": "725376Y", "Street": "CHALKVILLE RD", "crossing_position": "At Grade", "Trains per day": 11.0, "Total Incidents (Since 1975)": 5, "Total Fatalities (Since 1975)": 2, "Total Injuries (Since 1975)": 1, "Total Incidents (2015–2025)": 0, "Total Fatalities (2015–2025)": 0, "Total Injuries (2015–2025)": 0, "Latitude": 33.6176127, "Longitude": -86.6076954, "Annual average daily traffic count": 13305.0, "Annual average daily traffic year": 2022.0 }, "geometry": { "type": "Point", "coordinates": [ 128143.765715572153567, 345961.010546223085839 ] } },
{ "type": "Feature", "properties": { "fid": 145, "Crossing ID": "725377F", "Street": "MARY TAYLOR RD", "crossing_position": "At Grade", "Trains per day": 21.0, "Total Incidents (Since 1975)": 8, "Total Fatalities (Since 1975)": 0, "Total Injuries (Since 1975)": 8, "Total Incidents (2015–2025)": 0, "Total Fatalities (2015–2025)": 0, "Total Injuries (2015–2025)": 0, "Latitude": 33.6053504, "Longitude": -86.6260538, "Annual average daily traffic count": 150.0, "Annual average daily traffic year": 2022.0 }, "geometry": { "type": "Point", "coordinates": [ 126429.747334433632204, 344613.835136392095592 ] } },
{ "type": "Feature", "properties": { "fid": 146, "Crossing ID": "725380N", "Street": "PARRISH LANE", "crossing_position": "At Grade", "Trains per day": 11.0, "Total Incidents (Since 1975)": 0, "Total Fatalities (Since 1975)": 0, "Total Injuries (Since 1975)": 0, "Total Incidents (2015–2025)": 0, "Total Fatalities (2015–2025)": 0, "Total Injuries (2015–2025)": 0, "Latitude": 33.5842738, "Longitude": -86.6611398, "Annual average daily traffic count": 40.0, "Annual average daily traffic year": 2011.0 }, "geometry": { "type": "Point", "coordinates": [ 123154.718197892594617, 342301.608421628945507 ] } },
{ "type": "Feature", "properties": { "fid": 147, "Crossing ID": "725383J", "Street": "24TH ST SW", "crossing_position": "At Grade", "Trains per day": 35.0, "Total Incidents (Since 1975)": 19, "Total Fatalities (Since 1975)": 1, "Total Injuries (Since 1975)": 10, "Total Incidents (2015–2025)": 5, "Total Fatalities (2015–2025)": 0, "Total Injuries (2015–2025)": 7, "Latitude": 33.4748607, "Longitude": -86.874348, "Annual average daily traffic count": 5717.0, "Annual average daily traffic year": 2022.0 }, "geometry": { "type": "Point", "coordinates": [ 103239.966710500753834, 330344.395865466736723 ] } },
{ "type": "Feature", "properties": { "fid": 148, "Crossing ID": "725384R", "Street": "THIRTY-FIRST STREET", "crossing_position": "At Grade", "Trains per day": 35.0, "Total Incidents (Since 1975)": 30, "Total Fatalities (Since 1975)": 1, "Total Injuries (Since 1975)": 22, "Total Incidents (2015–2025)": 11, "Total Fatalities (2015–2025)": 0, "Total Injuries (2015–2025)": 8, "Latitude": 33.4687413, "Longitude": -86.8830053, "Annual average daily traffic count": 15030.0, "Annual average daily traffic year": 2011.0 }, "geometry": { "type": "Point", "coordinates": [ 102428.396348541704356, 329673.752912021649536 ] } },
{ "type": "Feature", "properties": { "fid": 149, "Crossing ID": "725386E", "Street": "40TH ST SW/BY WILLIAMS DR", "crossing_position": "At Grade", "Trains per day": 35.0, "Total Incidents (Since 1975)": 5, "Total Fatalities (Since 1975)": 0, "Total Injuries (Since 1975)": 4, "Total Incidents (2015–2025)": 0, "Total Fatalities (2015–2025)": 0, "Total Injuries (2015–2025)": 0, "Latitude": 33.4538753, "Longitude": -86.9001977, "Annual average daily traffic count": 8429.0, "Annual average daily traffic year": 2022.0 }, "geometry": { "type": "Point", "coordinates": [ 100813.286717702198075, 328041.151391637919005 ] } },
{ "type": "Feature", "properties": { "fid": 150, "Crossing ID": "725387L", "Street": "50th Street SW", "crossing_position": "At Grade", "Trains per day": 35.0, "Total Incidents (Since 1975)": 7, "Total Fatalities (Since 1975)": 0, "Total Injuries (Since 1975)": 2, "Total Incidents (2015–2025)": 0, "Total Fatalities (2015–2025)": 0, "Total Injuries (2015–2025)": 0, "Latitude": 33.4461949, "Longitude": -86.9090678, "Annual average daily traffic count": 1000.0, "Annual average daily traffic year": 2011.0 }, "geometry": { "type": "Point", "coordinates": [ 99979.776557699573459, 327197.771660320402589 ] } },
{ "type": "Feature", "properties": { "fid": 151, "Crossing ID": "725389A", "Street": "CAIRO AVE/54TH ST SW", "crossing_position": "At Grade", "Trains per day": 35.0, "Total Incidents (Since 1975)": 16, "Total Fatalities (Since 1975)": 3, "Total Injuries (Since 1975)": 7, "Total Incidents (2015–2025)": 2, "Total Fatalities (2015–2025)": 0, "Total Injuries (2015–2025)": 1, "Latitude": 33.4423818, "Longitude": -86.9134711, "Annual average daily traffic count": 2777.0, "Annual average daily traffic year": 2022.0 }, "geometry": { "type": "Point", "coordinates": [ 99565.950828175322386, 326779.083060290839057 ] } },
{ "type": "Feature", "properties": { "fid": 152, "Crossing ID": "725391B", "Street": "15TH ST", "crossing_position": "At Grade", "Trains per day": 35.0, "Total Incidents (Since 1975)": 12, "Total Fatalities (Since 1975)": 6, "Total Injuries (Since 1975)": 4, "Total Incidents (2015–2025)": 2, "Total Fatalities (2015–2025)": 3, "Total Injuries (2015–2025)": 0, "Latitude": 33.4326199, "Longitude": -86.9244066, "Annual average daily traffic count": 1500.0, "Annual average daily traffic year": 2011.0 }, "geometry": { "type": "Point", "coordinates": [ 98537.729527983887237, 325706.949289454496466 ] } },
{ "type": "Feature", "properties": { "fid": 153, "Crossing ID": "725392H", "Street": "5th Street N", "crossing_position": "At Grade", "Trains per day": 35.0, "Total Incidents (Since 1975)": 9, "Total Fatalities (Since 1975)": 4, "Total Injuries (Since 1975)": 7, "Total Incidents (2015–2025)": 3, "Total Fatalities (2015–2025)": 1, "Total Injuries (2015–2025)": 3, "Latitude": 33.4246229, "Longitude": -86.9310569, "Annual average daily traffic count": 3182.0, "Annual average daily traffic year": 2022.0 }, "geometry": { "type": "Point", "coordinates": [ 97909.905805877584498, 324826.462955405761022 ] } },
{ "type": "Feature", "properties": { "fid": 154, "Crossing ID": "725393P", "Street": "32ND STREET NORTH", "crossing_position": "At Grade", "Trains per day": 35.0, "Total Incidents (Since 1975)": 19, "Total Fatalities (Since 1975)": 4, "Total Injuries (Since 1975)": 12, "Total Incidents (2015–2025)": 5, "Total Fatalities (2015–2025)": 2, "Total Injuries (2015–2025)": 5, "Latitude": 33.4150493, "Longitude": -86.9388498, "Annual average daily traffic count": 3110.0, "Annual average daily traffic year": 2011.0 }, "geometry": { "type": "Point", "coordinates": [ 97173.833219480671687, 323772.274753293255344 ] } },
{ "type": "Feature", "properties": { "fid": 155, "Crossing ID": "725396K", "Street": "20TH ST", "crossing_position": "At Grade", "Trains per day": 35.0, "Total Incidents (Since 1975)": 13, "Total Fatalities (Since 1975)": 3, "Total Injuries (Since 1975)": 1, "Total Incidents (2015–2025)": 2, "Total Fatalities (2015–2025)": 0, "Total Injuries (2015–2025)": 0, "Latitude": 33.4019322, "Longitude": -86.9494536, "Annual average daily traffic count": 2826.0, "Annual average daily traffic year": 2022.0 }, "geometry": { "type": "Point", "coordinates": [ 96171.899590969682322, 322327.911433848668821 ] } },
{ "type": "Feature", "properties": { "fid": 156, "Crossing ID": "725397S", "Street": "19TH ST", "crossing_position": "At Grade", "Trains per day": 37.0, "Total Incidents (Since 1975)": 3, "Total Fatalities (Since 1975)": 0, "Total Injuries (Since 1975)": 0, "Total Incidents (2015–2025)": 0, "Total Fatalities (2015–2025)": 0, "Total Injuries (2015–2025)": 0, "Latitude": 33.400789, "Longitude": -86.9503769, "Annual average daily traffic count": 2350.0, "Annual average daily traffic year": 2022.0 }, "geometry": { "type": "Point", "coordinates": [ 96084.643557206203695, 322202.034112679481041 ] } },
{ "type": "Feature", "properties": { "fid": 157, "Crossing ID": "725398Y", "Street": "18th Street N", "crossing_position": "At Grade", "Trains per day": 37.0, "Total Incidents (Since 1975)": 12, "Total Fatalities (Since 1975)": 0, "Total Injuries (Since 1975)": 1, "Total Incidents (2015–2025)": 1, "Total Fatalities (2015–2025)": 0, "Total Injuries (2015–2025)": 0, "Latitude": 33.399672, "Longitude": -86.9512799, "Annual average daily traffic count": 2250.0, "Annual average daily traffic year": 2011.0 }, "geometry": { "type": "Point", "coordinates": [ 95999.305087403699872, 322079.043253220675979 ] } },
{ "type": "Feature", "properties": { "fid": 158, "Crossing ID": "725399F", "Street": "16th Street North", "crossing_position": "At Grade", "Trains per day": 37.0, "Total Incidents (Since 1975)": 3, "Total Fatalities (Since 1975)": 0, "Total Injuries (Since 1975)": 1, "Total Incidents (2015–2025)": 0, "Total Fatalities (2015–2025)": 0, "Total Injuries (2015–2025)": 0, "Latitude": 33.3974851, "Longitude": -86.9530473, "Annual average daily traffic count": 1501.0, "Annual average daily traffic year": 2022.0 }, "geometry": { "type": "Point", "coordinates": [ 95832.269148756982759, 321838.249199618818238 ] } },
{ "type": "Feature", "properties": { "fid": 159, "Crossing ID": "725400X", "Street": "15TH ST", "crossing_position": "At Grade", "Trains per day": 37.0, "Total Incidents (Since 1975)": 5, "Total Fatalities (Since 1975)": 1, "Total Injuries (Since 1975)": 3, "Total Incidents (2015–2025)": 0, "Total Fatalities (2015–2025)": 0, "Total Injuries (2015–2025)": 0, "Latitude": 33.3963873, "Longitude": -86.9539328, "Annual average daily traffic count": 1075.0, "Annual average daily traffic year": 2022.0 }, "geometry": { "type": "Point", "coordinates": [ 95748.575471577452845, 321717.372531123051886 ] } },
{ "type": "Feature", "properties": { "fid": 160, "Crossing ID": "725401E", "Street": "14TH ST", "crossing_position": "At Grade", "Trains per day": 37.0, "Total Incidents (Since 1975)": 20, "Total Fatalities (Since 1975)": 4, "Total Injuries (Since 1975)": 7, "Total Incidents (2015–2025)": 2, "Total Fatalities (2015–2025)": 1, "Total Injuries (2015–2025)": 1, "Latitude": 33.3953043, "Longitude": -86.9548082, "Annual average daily traffic count": 19366.0, "Annual average daily traffic year": 2022.0 }, "geometry": { "type": "Point", "coordinates": [ 95665.837116954702651, 321598.127985480590723 ] } },
{ "type": "Feature", "properties": { "fid": 161, "Crossing ID": "725402L", "Street": "9TH ST", "crossing_position": "At Grade", "Trains per day": 37.0, "Total Incidents (Since 1975)": 4, "Total Fatalities (Since 1975)": 1, "Total Injuries (Since 1975)": 0, "Total Incidents (2015–2025)": 1, "Total Fatalities (2015–2025)": 0, "Total Injuries (2015–2025)": 0, "Latitude": 33.3898578, "Longitude": -86.9592097, "Annual average daily traffic count": 4140.0, "Annual average daily traffic year": 2011.0 }, "geometry": { "type": "Point", "coordinates": [ 95249.798094113895786, 320998.446254674927332 ] } },
{ "type": "Feature", "properties": { "fid": 162, "Crossing ID": "725403T", "Street": "7TH ST", "crossing_position": "At Grade", "Trains per day": 37.0, "Total Incidents (Since 1975)": 8, "Total Fatalities (Since 1975)": 1, "Total Injuries (Since 1975)": 4, "Total Incidents (2015–2025)": 1, "Total Fatalities (2015–2025)": 0, "Total Injuries (2015–2025)": 1, "Latitude": 33.3878349, "Longitude": -86.9608434, "Annual average daily traffic count": 360.0, "Annual average daily traffic year": 2011.0 }, "geometry": { "type": "Point", "coordinates": [ 95095.362919164283085, 320775.720054226520006 ] } },
{ "type": "Feature", "properties": { "fid": 163, "Crossing ID": "725404A", "Street": "4TH ST", "crossing_position": "At Grade", "Trains per day": 37.0, "Total Incidents (Since 1975)": 6, "Total Fatalities (Since 1975)": 0, "Total Injuries (Since 1975)": 2, "Total Incidents (2015–2025)": 2, "Total Fatalities (2015–2025)": 0, "Total Injuries (2015–2025)": 0, "Latitude": 33.3845093, "Longitude": -86.9635303, "Annual average daily traffic count": 40.0, "Annual average daily traffic year": 2011.0 }, "geometry": { "type": "Point", "coordinates": [ 94841.354357568605337, 320409.56970777240349 ] } },
{ "type": "Feature", "properties": { "fid": 164, "Crossing ID": "725405G", "Street": "1ST ST", "crossing_position": "At Grade", "Trains per day": 27.0, "Total Incidents (Since 1975)": 6, "Total Fatalities (Since 1975)": 1, "Total Injuries (Since 1975)": 0, "Total Incidents (2015–2025)": 1, "Total Fatalities (2015–2025)": 0, "Total Injuries (2015–2025)": 0, "Latitude": 33.3810935, "Longitude": -86.9662899, "Annual average daily traffic count": 2410.0, "Annual average daily traffic year": 2011.0 }, "geometry": { "type": "Point", "coordinates": [ 94580.453221219431725, 320033.494772193545941 ] } },
{ "type": "Feature", "properties": { "fid": 165, "Crossing ID": "725406N", "Street": "DIVISION STREET", "crossing_position": "At Grade", "Trains per day": 27.0, "Total Incidents (Since 1975)": 10, "Total Fatalities (Since 1975)": 2, "Total Injuries (Since 1975)": 5, "Total Incidents (2015–2025)": 2, "Total Fatalities (2015–2025)": 1, "Total Injuries (2015–2025)": 0, "Latitude": 33.3770986, "Longitude": -86.9694086, "Annual average daily traffic count": 4230.0, "Annual average daily traffic year": 2011.0 }, "geometry": { "type": "Point", "coordinates": [ 94285.414939766109455, 319593.55988192895893 ] } },
{ "type": "Feature", "properties": { "fid": 166, "Crossing ID": "725407V", "Street": "GRANT DR", "crossing_position": "At Grade", "Trains per day": 27.0, "Total Incidents (Since 1975)": 5, "Total Fatalities (Since 1975)": 2, "Total Injuries (Since 1975)": 1, "Total Incidents (2015–2025)": 1, "Total Fatalities (2015–2025)": 1, "Total Injuries (2015–2025)": 0, "Latitude": 33.3601659, "Longitude": -86.9831304, "Annual average daily traffic count": 4430.0, "Annual average daily traffic year": 2011.0 }, "geometry": { "type": "Point", "coordinates": [ 92987.769805750038358, 317729.473118364228867 ] } },
{ "type": "Feature", "properties": { "fid": 167, "Crossing ID": "725408C", "Street": "MC CALLA RD", "crossing_position": "At Grade", "Trains per day": 27.0, "Total Incidents (Since 1975)": 7, "Total Fatalities (Since 1975)": 1, "Total Injuries (Since 1975)": 4, "Total Incidents (2015–2025)": 0, "Total Fatalities (2015–2025)": 0, "Total Injuries (2015–2025)": 0, "Latitude": 33.3427627, "Longitude": -86.9997849, "Annual average daily traffic count": 7606.0, "Annual average daily traffic year": 2022.0 }, "geometry": { "type": "Point", "coordinates": [ 91416.036858668885543, 315816.41840676224092 ] } },
{ "type": "Feature", "properties": { "fid": 168, "Crossing ID": "725409J", "Street": "MCADORY SCHOOL ROAD", "crossing_position": "At Grade", "Trains per day": 59.0, "Total Incidents (Since 1975)": 5, "Total Fatalities (Since 1975)": 1, "Total Injuries (Since 1975)": 3, "Total Incidents (2015–2025)": 0, "Total Fatalities (2015–2025)": 0, "Total Injuries (2015–2025)": 0, "Latitude": 33.3345877, "Longitude": -87.0081636, "Annual average daily traffic count": 8404.0, "Annual average daily traffic year": 2022.0 }, "geometry": { "type": "Point", "coordinates": [ 90625.811269766199985, 314918.445649318047799 ] } },
{ "type": "Feature", "properties": { "fid": 169, "Crossing ID": "726370L", "Street": "LYNNS CROSSING ROAD", "crossing_position": "At Grade", "Trains per day": 6.0, "Total Incidents (Since 1975)": 1, "Total Fatalities (Since 1975)": 0, "Total Injuries (Since 1975)": 0, "Total Incidents (2015–2025)": 0, "Total Fatalities (2015–2025)": 0, "Total Injuries (2015–2025)": 0, "Latitude": 33.6442327, "Longitude": -86.9321815, "Annual average daily traffic count": 35.0, "Annual average daily traffic year": 2022.0 }, "geometry": { "type": "Point", "coordinates": [ 98063.503434437254327, 349186.175430467759725 ] } },
{ "type": "Feature", "properties": { "fid": 170, "Crossing ID": "726774G", "Street": "COMMERCE BLVD", "crossing_position": "At Grade", "Trains per day": 0.0, "Total Incidents (Since 1975)": 2, "Total Fatalities (Since 1975)": 0, "Total Injuries (Since 1975)": 0, "Total Incidents (2015–2025)": 1, "Total Fatalities (2015–2025)": 0, "Total Injuries (2015–2025)": 0, "Latitude": 33.5451342, "Longitude": -86.6942088, "Annual average daily traffic count": 680.0, "Annual average daily traffic year": 2011.0 }, "geometry": { "type": "Point", "coordinates": [ 120048.746239895466715, 337985.466394896968268 ] } },
{ "type": "Feature", "properties": { "fid": 171, "Crossing ID": "726868H", "Street": "SPRUIELL STREET", "crossing_position": "At Grade", "Trains per day": 18.0, "Total Incidents (Since 1975)": 12, "Total Fatalities (Since 1975)": 1, "Total Injuries (Since 1975)": 3, "Total Incidents (2015–2025)": 0, "Total Fatalities (2015–2025)": 0, "Total Injuries (2015–2025)": 0, "Latitude": 33.5429178, "Longitude": -86.5254522, "Annual average daily traffic count": 1661.0, "Annual average daily traffic year": 2022.0 }, "geometry": { "type": "Point", "coordinates": [ 135720.256576870509889, 337622.266207107633818 ] } },
{ "type": "Feature", "properties": { "fid": 172, "Crossing ID": "726869P", "Street": "9TH STREET NE", "crossing_position": "At Grade", "Trains per day": 18.0, "Total Incidents (Since 1975)": 3, "Total Fatalities (Since 1975)": 0, "Total Injuries (Since 1975)": 4, "Total Incidents (2015–2025)": 0, "Total Fatalities (2015–2025)": 0, "Total Injuries (2015–2025)": 0, "Latitude": 33.5439789, "Longitude": -86.5398102, "Annual average daily traffic count": 3327.0, "Annual average daily traffic year": 2022.0 }, "geometry": { "type": "Point", "coordinates": [ 134387.544602099107578, 337748.948809711087961 ] } },
{ "type": "Feature", "properties": { "fid": 173, "Crossing ID": "726870J", "Street": "US 78", "crossing_position": "At Grade", "Trains per day": 0.0, "Total Incidents (Since 1975)": 0, "Total Fatalities (Since 1975)": 0, "Total Injuries (Since 1975)": 0, "Total Incidents (2015–2025)": 0, "Total Fatalities (2015–2025)": 0, "Total Injuries (2015–2025)": 0, "Latitude": 33.5412899, "Longitude": -86.5362823, "Annual average daily traffic count": 5912.0, "Annual average daily traffic year": 2022.0 }, "geometry": { "type": "Point", "coordinates": [ 134713.175677535735304, 337448.477131176390685 ] } },
{ "type": "Feature", "properties": { "fid": 174, "Crossing ID": "726871R", "Street": "8TH STREET", "crossing_position": "At Grade", "Trains per day": 18.0, "Total Incidents (Since 1975)": 4, "Total Fatalities (Since 1975)": 1, "Total Injuries (Since 1975)": 3, "Total Incidents (2015–2025)": 0, "Total Fatalities (2015–2025)": 0, "Total Injuries (2015–2025)": 0, "Latitude": 33.5445818, "Longitude": -86.5412295, "Annual average daily traffic count": 550.0, "Annual average daily traffic year": 2022.0 }, "geometry": { "type": "Point", "coordinates": [ 134256.183836011652602, 337816.717261102981865 ] } },
{ "type": "Feature", "properties": { "fid": 175, "Crossing ID": "726872X", "Street": "ASHVILLE ROAD", "crossing_position": "At Grade", "Trains per day": 18.0, "Total Incidents (Since 1975)": 9, "Total Fatalities (Since 1975)": 0, "Total Injuries (Since 1975)": 6, "Total Incidents (2015–2025)": 0, "Total Fatalities (2015–2025)": 0, "Total Injuries (2015–2025)": 0, "Latitude": 33.546956, "Longitude": -86.5463111, "Annual average daily traffic count": 11656.0, "Annual average daily traffic year": 2022.0 }, "geometry": { "type": "Point", "coordinates": [ 133786.04491333552869, 338083.280663848621771 ] } },
{ "type": "Feature", "properties": { "fid": 176, "Crossing ID": "726873E", "Street": "ANDERSON STREET", "crossing_position": "At Grade", "Trains per day": 20.0, "Total Incidents (Since 1975)": 12, "Total Fatalities (Since 1975)": 0, "Total Injuries (Since 1975)": 6, "Total Incidents (2015–2025)": 0, "Total Fatalities (2015–2025)": 0, "Total Injuries (2015–2025)": 0, "Latitude": 33.548379, "Longitude": -86.54942, "Annual average daily traffic count": 2790.0, "Annual average daily traffic year": 2011.0 }, "geometry": { "type": "Point", "coordinates": [ 133498.40611174449441, 338243.099823040654883 ] } },
{ "type": "Feature", "properties": { "fid": 177, "Crossing ID": "726875T", "Street": "HENRY ELLEN RD", "crossing_position": "At Grade", "Trains per day": 23.0, "Total Incidents (Since 1975)": 10, "Total Fatalities (Since 1975)": 0, "Total Injuries (Since 1975)": 2, "Total Incidents (2015–2025)": 0, "Total Fatalities (2015–2025)": 0, "Total Injuries (2015–2025)": 0, "Latitude": 33.5474039, "Longitude": -86.5620824, "Annual average daily traffic count": 440.0, "Annual average daily traffic year": 2011.0 }, "geometry": { "type": "Point", "coordinates": [ 132321.683979734603781, 338143.142041712009814 ] } },
{ "type": "Feature", "properties": { "fid": 178, "Crossing ID": "726880P", "Street": "BROWNLEE HILLS ROAD", "crossing_position": "At Grade", "Trains per day": 23.0, "Total Incidents (Since 1975)": 6, "Total Fatalities (Since 1975)": 0, "Total Injuries (Since 1975)": 0, "Total Incidents (2015–2025)": 0, "Total Fatalities (2015–2025)": 0, "Total Injuries (2015–2025)": 0, "Latitude": 33.5532815, "Longitude": -86.6679263, "Annual average daily traffic count": 190.0, "Annual average daily traffic year": 2011.0 }, "geometry": { "type": "Point", "coordinates": [ 122497.009398675858392, 338869.161680671735667 ] } },
{ "type": "Feature", "properties": { "fid": 179, "Crossing ID": "726881W", "Street": "35TH AVENUE NORTH", "crossing_position": "At Grade", "Trains per day": 6.0, "Total Incidents (Since 1975)": 6, "Total Fatalities (Since 1975)": 0, "Total Injuries (Since 1975)": 1, "Total Incidents (2015–2025)": 0, "Total Fatalities (2015–2025)": 0, "Total Injuries (2015–2025)": 0, "Latitude": 33.5581329, "Longitude": -86.8151533, "Annual average daily traffic count": 4998.0, "Annual average daily traffic year": 2022.0 }, "geometry": { "type": "Point", "coordinates": [ 108829.630333338980563, 339527.03203609585762 ] } },
{ "type": "Feature", "properties": { "fid": 180, "Crossing ID": "726883K", "Street": "LEWISBURG ROAD", "crossing_position": "At Grade", "Trains per day": 6.0, "Total Incidents (Since 1975)": 5, "Total Fatalities (Since 1975)": 0, "Total Injuries (Since 1975)": 0, "Total Incidents (2015–2025)": 0, "Total Fatalities (2015–2025)": 0, "Total Injuries (2015–2025)": 0, "Latitude": 33.5628952, "Longitude": -86.8236723, "Annual average daily traffic count": 4742.0, "Annual average daily traffic year": 2022.0 }, "geometry": { "type": "Point", "coordinates": [ 108043.588497617762187, 340062.773993609473109 ] } },
{ "type": "Feature", "properties": { "fid": 181, "Crossing ID": "726886F", "Street": "BRACKET LOOP ROAD", "crossing_position": "At Grade", "Trains per day": 6.0, "Total Incidents (Since 1975)": 2, "Total Fatalities (Since 1975)": 0, "Total Injuries (Since 1975)": 0, "Total Incidents (2015–2025)": 0, "Total Fatalities (2015–2025)": 0, "Total Injuries (2015–2025)": 0, "Latitude": 33.6048389, "Longitude": -86.8871354, "Annual average daily traffic count": 30.0, "Annual average daily traffic year": 2011.0 }, "geometry": { "type": "Point", "coordinates": [ 102197.933007433573948, 344773.183083877782337 ] } },
{ "type": "Feature", "properties": { "fid": 182, "Crossing ID": "726887M", "Street": "REPUBLIC ROAD", "crossing_position": "At Grade", "Trains per day": 6.0, "Total Incidents (Since 1975)": 4, "Total Fatalities (Since 1975)": 0, "Total Injuries (Since 1975)": 1, "Total Incidents (2015–2025)": 1, "Total Fatalities (2015–2025)": 0, "Total Injuries (2015–2025)": 0, "Latitude": 33.6081315, "Longitude": -86.8904817, "Annual average daily traffic count": 1130.0, "Annual average daily traffic year": 2022.0 }, "geometry": { "type": "Point", "coordinates": [ 101891.085551214622683, 345141.558690648700576 ] } },
{ "type": "Feature", "properties": { "fid": 183, "Crossing ID": "726893R", "Street": "MAIN STREET", "crossing_position": "At Grade", "Trains per day": 6.0, "Total Incidents (Since 1975)": 5, "Total Fatalities (Since 1975)": 0, "Total Injuries (Since 1975)": 3, "Total Incidents (2015–2025)": 0, "Total Fatalities (2015–2025)": 0, "Total Injuries (2015–2025)": 0, "Latitude": 33.6399916, "Longitude": -86.9166785, "Annual average daily traffic count": 277.0, "Annual average daily traffic year": 2022.0 }, "geometry": { "type": "Point", "coordinates": [ 99496.799875708675245, 348700.582961420179345 ] } },
{ "type": "Feature", "properties": { "fid": 184, "Crossing ID": "726894X", "Street": "CROSS STREET", "crossing_position": "At Grade", "Trains per day": 6.0, "Total Incidents (Since 1975)": 4, "Total Fatalities (Since 1975)": 0, "Total Injuries (Since 1975)": 1, "Total Incidents (2015–2025)": 0, "Total Fatalities (2015–2025)": 0, "Total Injuries (2015–2025)": 0, "Latitude": 33.6388742, "Longitude": -86.9225788, "Annual average daily traffic count": 30.0, "Annual average daily traffic year": 2011.0 }, "geometry": { "type": "Point", "coordinates": [ 98948.091070164271514, 348582.390411529340781 ] } },
{ "type": "Feature", "properties": { "fid": 185, "Crossing ID": "726897T", "Street": "OLD JASPER HIGHWAY", "crossing_position": "At Grade", "Trains per day": 6.0, "Total Incidents (Since 1975)": 0, "Total Fatalities (Since 1975)": 0, "Total Injuries (Since 1975)": 0, "Total Incidents (2015–2025)": 0, "Total Fatalities (2015–2025)": 0, "Total Injuries (2015–2025)": 0, "Latitude": 33.6756152, "Longitude": -86.9657399, "Annual average daily traffic count": 240.0, "Annual average daily traffic year": 2011.0 }, "geometry": { "type": "Point", "coordinates": [ 94988.408509441709612, 352700.71640532190213 ] } },
{ "type": "Feature", "properties": { "fid": 186, "Crossing ID": "726898A", "Street": "BECKY LYNN ROAD", "crossing_position": "At Grade", "Trains per day": 6.0, "Total Incidents (Since 1975)": 5, "Total Fatalities (Since 1975)": 0, "Total Injuries (Since 1975)": 2, "Total Incidents (2015–2025)": 0, "Total Fatalities (2015–2025)": 0, "Total Injuries (2015–2025)": 0, "Latitude": 33.6775813, "Longitude": -86.9665138, "Annual average daily traffic count": 60.0, "Annual average daily traffic year": 2011.0 }, "geometry": { "type": "Point", "coordinates": [ 94919.032089504544274, 352919.584317961474881 ] } },
{ "type": "Feature", "properties": { "fid": 187, "Crossing ID": "726901F", "Street": "LITTLETON ROAD", "crossing_position": "At Grade", "Trains per day": 6.0, "Total Incidents (Since 1975)": 0, "Total Fatalities (Since 1975)": 0, "Total Injuries (Since 1975)": 0, "Total Incidents (2015–2025)": 0, "Total Fatalities (2015–2025)": 0, "Total Injuries (2015–2025)": 0, "Latitude": 33.686498, "Longitude": -86.9977807, "Annual average daily traffic count": 10.0, "Annual average daily traffic year": 2011.0 }, "geometry": { "type": "Point", "coordinates": [ 92030.627369513284066, 353940.873193217208609 ] } },
{ "type": "Feature", "properties": { "fid": 188, "Crossing ID": "726902M", "Street": "BIBBY BRICK YARD ROAD", "crossing_position": "At Grade", "Trains per day": 6.0, "Total Incidents (Since 1975)": 3, "Total Fatalities (Since 1975)": 0, "Total Injuries (Since 1975)": 0, "Total Incidents (2015–2025)": 1, "Total Fatalities (2015–2025)": 0, "Total Injuries (2015–2025)": 0, "Latitude": 33.6952554, "Longitude": -87.0177216, "Annual average daily traffic count": 80.0, "Annual average daily traffic year": 2011.0 }, "geometry": { "type": "Point", "coordinates": [ 90192.725476115694619, 354933.281041976995766 ] } },
{ "type": "Feature", "properties": { "fid": 189, "Crossing ID": "726903U", "Street": "SNOWVILLE-BRENT RD", "crossing_position": "At Grade", "Trains per day": 6.0, "Total Incidents (Since 1975)": 1, "Total Fatalities (Since 1975)": 0, "Total Injuries (Since 1975)": 0, "Total Incidents (2015–2025)": 0, "Total Fatalities (2015–2025)": 0, "Total Injuries (2015–2025)": 0, "Latitude": 33.6943678, "Longitude": -87.0259115, "Annual average daily traffic count": 1340.0, "Annual average daily traffic year": 2022.0 }, "geometry": { "type": "Point", "coordinates": [ 89432.243429135851329, 354843.56516462599393 ] } },
{ "type": "Feature", "properties": { "fid": 190, "Crossing ID": "727795D", "Street": "LAKE DRIVE", "crossing_position": "At Grade", "Trains per day": 13.0, "Total Incidents (Since 1975)": 2, "Total Fatalities (Since 1975)": 1, "Total Injuries (Since 1975)": 2, "Total Incidents (2015–2025)": 0, "Total Fatalities (2015–2025)": 0, "Total Injuries (2015–2025)": 0, "Latitude": 33.3330747, "Longitude": -86.9172169, "Annual average daily traffic count": 810.0, "Annual average daily traffic year": 2011.0 }, "geometry": { "type": "Point", "coordinates": [ 99091.424147976940731, 314658.919504679448437 ] } },
{ "type": "Feature", "properties": { "fid": 191, "Crossing ID": "727797S", "Street": "AVIATION ROAD", "crossing_position": "At Grade", "Trains per day": 13.0, "Total Incidents (Since 1975)": 3, "Total Fatalities (Since 1975)": 1, "Total Injuries (Since 1975)": 1, "Total Incidents (2015–2025)": 0, "Total Fatalities (2015–2025)": 0, "Total Injuries (2015–2025)": 0, "Latitude": 33.3238221, "Longitude": -86.9048756, "Annual average daily traffic count": 2470.0, "Annual average daily traffic year": 2011.0 }, "geometry": { "type": "Point", "coordinates": [ 100229.895561951459968, 313620.803610915900208 ] } },
{ "type": "Feature", "properties": { "fid": 192, "Crossing ID": "727995M", "Street": "20TH ST", "crossing_position": "At Grade", "Trains per day": 28.0, "Total Incidents (Since 1975)": 2, "Total Fatalities (Since 1975)": 0, "Total Injuries (Since 1975)": 0, "Total Incidents (2015–2025)": 0, "Total Fatalities (2015–2025)": 0, "Total Injuries (2015–2025)": 0, "Latitude": 33.5385001, "Longitude": -86.7072201, "Annual average daily traffic count": 2241.0, "Annual average daily traffic year": 2022.0 }, "geometry": { "type": "Point", "coordinates": [ 118834.116081896645483, 337259.756357815407682 ] } },
{ "type": "Feature", "properties": { "fid": 193, "Crossing ID": "728003K", "Street": "BRUSSELS AVENUE", "crossing_position": "At Grade", "Trains per day": 26.0, "Total Incidents (Since 1975)": 13, "Total Fatalities (Since 1975)": 0, "Total Injuries (Since 1975)": 4, "Total Incidents (2015–2025)": 1, "Total Fatalities (2015–2025)": 0, "Total Injuries (2015–2025)": 0, "Latitude": 33.5409494, "Longitude": -86.7355101, "Annual average daily traffic count": 1597.0, "Annual average daily traffic year": 2022.0 }, "geometry": { "type": "Point", "coordinates": [ 116208.836841109281522, 337553.921546493598726 ] } },
{ "type": "Feature", "properties": { "fid": 194, "Crossing ID": "728004S", "Street": "ANTWERP/64THPLACE", "crossing_position": "At Grade", "Trains per day": 28.0, "Total Incidents (Since 1975)": 7, "Total Fatalities (Since 1975)": 0, "Total Injuries (Since 1975)": 5, "Total Incidents (2015–2025)": 1, "Total Fatalities (2015–2025)": 0, "Total Injuries (2015–2025)": 0, "Latitude": 33.5408928, "Longitude": -86.7380774, "Annual average daily traffic count": 2436.0, "Annual average daily traffic year": 2011.0 }, "geometry": { "type": "Point", "coordinates": [ 115970.331325321851182, 337549.721282794780564 ] } },
{ "type": "Feature", "properties": { "fid": 195, "Crossing ID": "728005Y", "Street": "BRUSSELS AVENUE", "crossing_position": "At Grade", "Trains per day": 28.0, "Total Incidents (Since 1975)": 11, "Total Fatalities (Since 1975)": 1, "Total Injuries (Since 1975)": 5, "Total Incidents (2015–2025)": 0, "Total Fatalities (2015–2025)": 0, "Total Injuries (2015–2025)": 0, "Latitude": 33.5393074, "Longitude": -86.7358504, "Annual average daily traffic count": 1597.0, "Annual average daily traffic year": 2022.0 }, "geometry": { "type": "Point", "coordinates": [ 116175.643933966726763, 337372.074172268272378 ] } },
{ "type": "Feature", "properties": { "fid": 196, "Crossing ID": "728006F", "Street": "59TH ST SOUTH", "crossing_position": "At Grade", "Trains per day": 28.0, "Total Incidents (Since 1975)": 11, "Total Fatalities (Since 1975)": 0, "Total Injuries (Since 1975)": 5, "Total Incidents (2015–2025)": 1, "Total Fatalities (2015–2025)": 0, "Total Injuries (2015–2025)": 1, "Latitude": 33.5394319, "Longitude": -86.7468778, "Annual average daily traffic count": 1871.0, "Annual average daily traffic year": 2022.0 }, "geometry": { "type": "Point", "coordinates": [ 115151.521299541796907, 337394.851709839713294 ] } },
{ "type": "Feature", "properties": { "fid": 197, "Crossing ID": "728007M", "Street": "57th STREET", "crossing_position": "At Grade", "Trains per day": 32.0, "Total Incidents (Since 1975)": 6, "Total Fatalities (Since 1975)": 0, "Total Injuries (Since 1975)": 4, "Total Incidents (2015–2025)": 0, "Total Fatalities (2015–2025)": 0, "Total Injuries (2015–2025)": 0, "Latitude": 33.5388524, "Longitude": -86.7485359, "Annual average daily traffic count": 280.0, "Annual average daily traffic year": 2011.0 }, "geometry": { "type": "Point", "coordinates": [ 114996.946617093854002, 337331.934357011748943 ] } },
{ "type": "Feature", "properties": { "fid": 198, "Crossing ID": "728008U", "Street": "56TH STREET", "crossing_position": "At Grade", "Trains per day": 32.0, "Total Incidents (Since 1975)": 8, "Total Fatalities (Since 1975)": 0, "Total Injuries (Since 1975)": 4, "Total Incidents (2015–2025)": 1, "Total Fatalities (2015–2025)": 0, "Total Injuries (2015–2025)": 0, "Latitude": 33.5384076, "Longitude": -86.7498566, "Annual average daily traffic count": 770.0, "Annual average daily traffic year": 2022.0 }, "geometry": { "type": "Point", "coordinates": [ 114873.840676413616166, 337283.68269557779422 ] } },
{ "type": "Feature", "properties": { "fid": 199, "Crossing ID": "728012J", "Street": "50TH ST", "crossing_position": "At Grade", "Trains per day": 32.0, "Total Incidents (Since 1975)": 19, "Total Fatalities (Since 1975)": 1, "Total Injuries (Since 1975)": 2, "Total Incidents (2015–2025)": 2, "Total Fatalities (2015–2025)": 0, "Total Injuries (2015–2025)": 0, "Latitude": 33.5342115, "Longitude": -86.7600071, "Annual average daily traffic count": 2697.0, "Annual average daily traffic year": 2022.0 }, "geometry": { "type": "Point", "coordinates": [ 113926.875769905163907, 336826.647268096683547 ] } },
{ "type": "Feature", "properties": { "fid": 200, "Crossing ID": "728013R", "Street": "43RD ST SOUTH", "crossing_position": "At Grade", "Trains per day": 32.0, "Total Incidents (Since 1975)": 9, "Total Fatalities (Since 1975)": 1, "Total Injuries (Since 1975)": 9, "Total Incidents (2015–2025)": 0, "Total Fatalities (2015–2025)": 0, "Total Injuries (2015–2025)": 0, "Latitude": 33.5289952, "Longitude": -86.7710695, "Annual average daily traffic count": 1070.0, "Annual average daily traffic year": 2011.0 }, "geometry": { "type": "Point", "coordinates": [ 112894.087650424611638, 336257.312722995353397 ] } },
{ "type": "Feature", "properties": { "fid": 201, "Crossing ID": "728014X", "Street": "41ST ST", "crossing_position": "At Grade", "Trains per day": 32.0, "Total Incidents (Since 1975)": 20, "Total Fatalities (Since 1975)": 1, "Total Injuries (Since 1975)": 6, "Total Incidents (2015–2025)": 0, "Total Fatalities (2015–2025)": 0, "Total Injuries (2015–2025)": 0, "Latitude": 33.5267028, "Longitude": -86.7758901, "Annual average daily traffic count": 4724.0, "Annual average daily traffic year": 2022.0 }, "geometry": { "type": "Point", "coordinates": [ 112443.977048607644974, 336007.107832891342696 ] } },
{ "type": "Feature", "properties": { "fid": 202, "Crossing ID": "728016L", "Street": "32ND ST", "crossing_position": "At Grade", "Trains per day": 33.0, "Total Incidents (Since 1975)": 8, "Total Fatalities (Since 1975)": 1, "Total Injuries (Since 1975)": 4, "Total Incidents (2015–2025)": 1, "Total Fatalities (2015–2025)": 0, "Total Injuries (2015–2025)": 0, "Latitude": 33.5208472, "Longitude": -86.7881946, "Annual average daily traffic count": 2252.0, "Annual average daily traffic year": 2022.0 }, "geometry": { "type": "Point", "coordinates": [ 111294.965210175461834, 335368.081938619725406 ] } },
{ "type": "Feature", "properties": { "fid": 203, "Crossing ID": "728026S", "Street": "4TH PLACE NTH", "crossing_position": "At Grade", "Trains per day": 35.0, "Total Incidents (Since 1975)": 6, "Total Fatalities (Since 1975)": 0, "Total Injuries (Since 1975)": 2, "Total Incidents (2015–2025)": 1, "Total Fatalities (2015–2025)": 0, "Total Injuries (2015–2025)": 0, "Latitude": 33.5026433, "Longitude": -86.8267543, "Annual average daily traffic count": 2400.0, "Annual average daily traffic year": 2011.0 }, "geometry": { "type": "Point", "coordinates": [ 107693.356987903011031, 333382.607546739105601 ] } },
{ "type": "Feature", "properties": { "fid": 204, "Crossing ID": "728027Y", "Street": "CENTER PLACE NTH", "crossing_position": "At Grade", "Trains per day": 35.0, "Total Incidents (Since 1975)": 15, "Total Fatalities (Since 1975)": 4, "Total Injuries (Since 1975)": 8, "Total Incidents (2015–2025)": 1, "Total Fatalities (2015–2025)": 1, "Total Injuries (2015–2025)": 0, "Latitude": 33.4996297, "Longitude": -86.8331024, "Annual average daily traffic count": 3568.0, "Annual average daily traffic year": 2022.0 }, "geometry": { "type": "Point", "coordinates": [ 107100.260351709919632, 333054.013761334703304 ] } },
{ "type": "Feature", "properties": { "fid": 205, "Crossing ID": "728029M", "Street": "14TH PLACE SW", "crossing_position": "At Grade", "Trains per day": 35.0, "Total Incidents (Since 1975)": 5, "Total Fatalities (Since 1975)": 1, "Total Injuries (Since 1975)": 0, "Total Incidents (2015–2025)": 3, "Total Fatalities (2015–2025)": 1, "Total Injuries (2015–2025)": 0, "Latitude": 33.4881044, "Longitude": -86.8536742, "Annual average daily traffic count": 1290.0, "Annual average daily traffic year": 2011.0 }, "geometry": { "type": "Point", "coordinates": [ 105176.062881548656151, 331794.268561145116109 ] } },
{ "type": "Feature", "properties": { "fid": 206, "Crossing ID": "728030G", "Street": "FIFTEENTH PLACE SW", "crossing_position": "At Grade", "Trains per day": 35.0, "Total Incidents (Since 1975)": 13, "Total Fatalities (Since 1975)": 5, "Total Injuries (Since 1975)": 8, "Total Incidents (2015–2025)": 5, "Total Fatalities (2015–2025)": 4, "Total Injuries (2015–2025)": 3, "Latitude": 33.4869708, "Longitude": -86.8555161, "Annual average daily traffic count": 1440.0, "Annual average daily traffic year": 2011.0 }, "geometry": { "type": "Point", "coordinates": [ 105003.643719697749475, 331670.217416018538643 ] } },
{ "type": "Feature", "properties": { "fid": 207, "Crossing ID": "728031N", "Street": "15TH WAY", "crossing_position": "At Grade", "Trains per day": 35.0, "Total Incidents (Since 1975)": 11, "Total Fatalities (Since 1975)": 0, "Total Injuries (Since 1975)": 5, "Total Incidents (2015–2025)": 1, "Total Fatalities (2015–2025)": 0, "Total Injuries (2015–2025)": 1, "Latitude": 33.486299, "Longitude": -86.8564938, "Annual average daily traffic count": 860.0, "Annual average daily traffic year": 2011.0 }, "geometry": { "type": "Point", "coordinates": [ 104912.043412531202193, 331596.598758186155465 ] } },
{ "type": "Feature", "properties": { "fid": 208, "Crossing ID": "728032V", "Street": "JEFFERSON AVE", "crossing_position": "At Grade", "Trains per day": 35.0, "Total Incidents (Since 1975)": 9, "Total Fatalities (Since 1975)": 3, "Total Injuries (Since 1975)": 3, "Total Incidents (2015–2025)": 4, "Total Fatalities (2015–2025)": 1, "Total Injuries (2015–2025)": 1, "Latitude": 33.485987, "Longitude": -86.8570304, "Annual average daily traffic count": 4833.0, "Annual average daily traffic year": 2022.0 }, "geometry": { "type": "Point", "coordinates": [ 104861.830993107883842, 331562.484369686513674 ] } },
{ "type": "Feature", "properties": { "fid": 209, "Crossing ID": "728033C", "Street": "17TH ST SW", "crossing_position": "At Grade", "Trains per day": 35.0, "Total Incidents (Since 1975)": 11, "Total Fatalities (Since 1975)": 4, "Total Injuries (Since 1975)": 6, "Total Incidents (2015–2025)": 6, "Total Fatalities (2015–2025)": 4, "Total Injuries (2015–2025)": 2, "Latitude": 33.4837422, "Longitude": -86.8605566, "Annual average daily traffic count": 4920.0, "Annual average daily traffic year": 2022.0 }, "geometry": { "type": "Point", "coordinates": [ 104531.644005344118341, 331316.735711341374554 ] } },
{ "type": "Feature", "properties": { "fid": 210, "Crossing ID": "728034J", "Street": "17 Way SW", "crossing_position": "At Grade", "Trains per day": 35.0, "Total Incidents (Since 1975)": 11, "Total Fatalities (Since 1975)": 3, "Total Injuries (Since 1975)": 3, "Total Incidents (2015–2025)": 2, "Total Fatalities (2015–2025)": 1, "Total Injuries (2015–2025)": 1, "Latitude": 33.4815258, "Longitude": -86.8639433, "Annual average daily traffic count": 3210.0, "Annual average daily traffic year": 2011.0 }, "geometry": { "type": "Point", "coordinates": [ 104214.437139403555193, 331074.019450907595456 ] } },
{ "type": "Feature", "properties": { "fid": 211, "Crossing ID": "728036X", "Street": "2nd Avenue", "crossing_position": "At Grade", "Trains per day": 23.0, "Total Incidents (Since 1975)": 5, "Total Fatalities (Since 1975)": 0, "Total Injuries (Since 1975)": 1, "Total Incidents (2015–2025)": 0, "Total Fatalities (2015–2025)": 0, "Total Injuries (2015–2025)": 0, "Latitude": 33.5199586, "Longitude": -86.7966958, "Annual average daily traffic count": 2140.0, "Annual average daily traffic year": 2011.0 }, "geometry": { "type": "Point", "coordinates": [ 110504.273449113374227, 335276.821108712465502 ] } },
{ "type": "Feature", "properties": { "fid": 212, "Crossing ID": "728037E", "Street": "7TH AVE NORTH", "crossing_position": "At Grade", "Trains per day": 23.0, "Total Incidents (Since 1975)": 4, "Total Fatalities (Since 1975)": 0, "Total Injuries (Since 1975)": 1, "Total Incidents (2015–2025)": 1, "Total Fatalities (2015–2025)": 0, "Total Injuries (2015–2025)": 0, "Latitude": 33.5249994, "Longitude": -86.8000607, "Annual average daily traffic count": 6300.0, "Annual average daily traffic year": 2022.0 }, "geometry": { "type": "Point", "coordinates": [ 110196.877746555226622, 335838.830856995366048 ] } },
{ "type": "Feature", "properties": { "fid": 213, "Crossing ID": "728039T", "Street": "RICHARD ARRINGTON N", "crossing_position": "At Grade", "Trains per day": 23.0, "Total Incidents (Since 1975)": 14, "Total Fatalities (Since 1975)": 0, "Total Injuries (Since 1975)": 4, "Total Incidents (2015–2025)": 0, "Total Fatalities (2015–2025)": 0, "Total Injuries (2015–2025)": 0, "Latitude": 33.5288815, "Longitude": -86.8027587, "Annual average daily traffic count": 18463.0, "Annual average daily traffic year": 2022.0 }, "geometry": { "type": "Point", "coordinates": [ 109950.266823573532747, 336271.754647023568396 ] } },
{ "type": "Feature", "properties": { "fid": 214, "Crossing ID": "728044P", "Street": "21ST AVENUE", "crossing_position": "At Grade", "Trains per day": 21.0, "Total Incidents (Since 1975)": 17, "Total Fatalities (Since 1975)": 0, "Total Injuries (Since 1975)": 6, "Total Incidents (2015–2025)": 2, "Total Fatalities (2015–2025)": 0, "Total Injuries (2015–2025)": 0, "Latitude": 33.543314, "Longitude": -86.8090133, "Annual average daily traffic count": 4442.0, "Annual average daily traffic year": 2022.0 }, "geometry": { "type": "Point", "coordinates": [ 109384.325094938831171, 337877.994089416635688 ] } },
{ "type": "Feature", "properties": { "fid": 215, "Crossing ID": "728047K", "Street": "29TH AVENUE", "crossing_position": "At Grade", "Trains per day": 6.0, "Total Incidents (Since 1975)": 6, "Total Fatalities (Since 1975)": 0, "Total Injuries (Since 1975)": 4, "Total Incidents (2015–2025)": 0, "Total Fatalities (2015–2025)": 0, "Total Injuries (2015–2025)": 0, "Latitude": 33.5516349, "Longitude": -86.8124688, "Annual average daily traffic count": 2613.0, "Annual average daily traffic year": 2022.0 }, "geometry": { "type": "Point", "coordinates": [ 109072.106639738587546, 338803.94059264624957 ] } },
{ "type": "Feature", "properties": { "fid": 216, "Crossing ID": "728048S", "Street": "1ST AVENUE N", "crossing_position": "At Grade", "Trains per day": 5.0, "Total Incidents (Since 1975)": 0, "Total Fatalities (Since 1975)": 0, "Total Injuries (Since 1975)": 0, "Total Incidents (2015–2025)": 0, "Total Fatalities (2015–2025)": 0, "Total Injuries (2015–2025)": 0, "Latitude": 33.5337928, "Longitude": -86.7646588, "Annual average daily traffic count": 12620.0, "Annual average daily traffic year": 2011.0 }, "geometry": { "type": "Point", "coordinates": [ 113494.375634774856735, 336784.076092543953564 ] } },
{ "type": "Feature", "properties": { "fid": 217, "Crossing ID": "728066P", "Street": "AIRPORT HIGHWAY", "crossing_position": "At Grade", "Trains per day": 5.0, "Total Incidents (Since 1975)": 3, "Total Fatalities (Since 1975)": 0, "Total Injuries (Since 1975)": 0, "Total Incidents (2015–2025)": 0, "Total Fatalities (2015–2025)": 0, "Total Injuries (2015–2025)": 0, "Latitude": 33.5344036, "Longitude": -86.7686965, "Annual average daily traffic count": 8260.0, "Annual average daily traffic year": 2011.0 }, "geometry": { "type": "Point", "coordinates": [ 113119.934729886241257, 336855.197199327871203 ] } },
{ "type": "Feature", "properties": { "fid": 218, "Crossing ID": "728067W", "Street": "41ST ST N", "crossing_position": "At Grade", "Trains per day": 5.0, "Total Incidents (Since 1975)": 5, "Total Fatalities (Since 1975)": 0, "Total Injuries (Since 1975)": 0, "Total Incidents (2015–2025)": 1, "Total Fatalities (2015–2025)": 0, "Total Injuries (2015–2025)": 0, "Latitude": 33.5371468, "Longitude": -86.7767524, "Annual average daily traffic count": 2835.0, "Annual average daily traffic year": 2022.0 }, "geometry": { "type": "Point", "coordinates": [ 112374.415647214569617, 337166.23593124008039 ] } },
{ "type": "Feature", "properties": { "fid": 219, "Crossing ID": "728068D", "Street": "40TH ST N", "crossing_position": "At Grade", "Trains per day": 5.0, "Total Incidents (Since 1975)": 6, "Total Fatalities (Since 1975)": 0, "Total Injuries (Since 1975)": 0, "Total Incidents (2015–2025)": 0, "Total Fatalities (2015–2025)": 0, "Total Injuries (2015–2025)": 0, "Latitude": 33.5379068, "Longitude": -86.7789817, "Annual average daily traffic count": 5639.0, "Annual average daily traffic year": 2022.0 }, "geometry": { "type": "Point", "coordinates": [ 112168.118168851608061, 337252.417041903187055 ] } },
{ "type": "Feature", "properties": { "fid": 220, "Crossing ID": "728069K", "Street": "APPALACHEE ST", "crossing_position": "At Grade", "Trains per day": 5.0, "Total Incidents (Since 1975)": 0, "Total Fatalities (Since 1975)": 0, "Total Injuries (Since 1975)": 0, "Total Incidents (2015–2025)": 0, "Total Fatalities (2015–2025)": 0, "Total Injuries (2015–2025)": 0, "Latitude": 33.538505, "Longitude": -86.7807427, "Annual average daily traffic count": 452.0, "Annual average daily traffic year": 2022.0 }, "geometry": { "type": "Point", "coordinates": [ 112005.157124282515724, 337320.259168530348688 ] } },
{ "type": "Feature", "properties": { "fid": 221, "Crossing ID": "728071L", "Street": "RICHARD ARRINGTON JUNIOR BOULEVARD", "crossing_position": "At Grade", "Trains per day": 5.0, "Total Incidents (Since 1975)": 5, "Total Fatalities (Since 1975)": 0, "Total Injuries (Since 1975)": 4, "Total Incidents (2015–2025)": 1, "Total Fatalities (2015–2025)": 0, "Total Injuries (2015–2025)": 1, "Latitude": 33.5388606, "Longitude": -86.78179, "Annual average daily traffic count": 7430.0, "Annual average daily traffic year": 2011.0 }, "geometry": { "type": "Point", "coordinates": [ 111908.242005408043042, 337360.589657337986864 ] } },
{ "type": "Feature", "properties": { "fid": 222, "Crossing ID": "728072T", "Street": "39TH ST N", "crossing_position": "At Grade", "Trains per day": 5.0, "Total Incidents (Since 1975)": 2, "Total Fatalities (Since 1975)": 0, "Total Injuries (Since 1975)": 1, "Total Incidents (2015–2025)": 0, "Total Fatalities (2015–2025)": 0, "Total Injuries (2015–2025)": 0, "Latitude": 33.5391099, "Longitude": -86.7825234, "Annual average daily traffic count": 280.0, "Annual average daily traffic year": 2011.0 }, "geometry": { "type": "Point", "coordinates": [ 111840.375342208091752, 337388.863985996344127 ] } },
{ "type": "Feature", "properties": { "fid": 223, "Crossing ID": "728079R", "Street": "27TH AVE N", "crossing_position": "At Grade", "Trains per day": 5.0, "Total Incidents (Since 1975)": 0, "Total Fatalities (Since 1975)": 0, "Total Injuries (Since 1975)": 0, "Total Incidents (2015–2025)": 0, "Total Fatalities (2015–2025)": 0, "Total Injuries (2015–2025)": 0, "Latitude": 33.5494835, "Longitude": -86.7964224, "Annual average daily traffic count": 4353.0, "Annual average daily traffic year": 2022.0 }, "geometry": { "type": "Point", "coordinates": [ 110560.099725761872833, 338551.360095045762137 ] } },
{ "type": "Feature", "properties": { "fid": 224, "Crossing ID": "728080K", "Street": "FL SHUTTLESWORTH DRIVE", "crossing_position": "At Grade", "Trains per day": 6.0, "Total Incidents (Since 1975)": 1, "Total Fatalities (Since 1975)": 0, "Total Injuries (Since 1975)": 0, "Total Incidents (2015–2025)": 0, "Total Fatalities (2015–2025)": 0, "Total Injuries (2015–2025)": 0, "Latitude": 33.5481061, "Longitude": -86.8086186, "Annual average daily traffic count": 2169.0, "Annual average daily traffic year": 2022.0 }, "geometry": { "type": "Point", "coordinates": [ 109425.986489502814948, 338409.17012885917211 ] } },
{ "type": "Feature", "properties": { "fid": 225, "Crossing ID": "728081S", "Street": "TWENTY-NINTH STREET", "crossing_position": "At Grade", "Trains per day": 6.0, "Total Incidents (Since 1975)": 6, "Total Fatalities (Since 1975)": 0, "Total Injuries (Since 1975)": 1, "Total Incidents (2015–2025)": 1, "Total Fatalities (2015–2025)": 0, "Total Injuries (2015–2025)": 0, "Latitude": 33.5483745, "Longitude": -86.8092452, "Annual average daily traffic count": 880.0, "Annual average daily traffic year": 2011.0 }, "geometry": { "type": "Point", "coordinates": [ 109368.072836600942537, 338439.4874669907731 ] } },
{ "type": "Feature", "properties": { "fid": 226, "Crossing ID": "728082Y", "Street": "27TH STREET", "crossing_position": "At Grade", "Trains per day": 6.0, "Total Incidents (Since 1975)": 11, "Total Fatalities (Since 1975)": 0, "Total Injuries (Since 1975)": 1, "Total Incidents (2015–2025)": 1, "Total Fatalities (2015–2025)": 0, "Total Injuries (2015–2025)": 1, "Latitude": 33.5497179, "Longitude": -86.8154537, "Annual average daily traffic count": 1381.0, "Annual average daily traffic year": 2022.0 }, "geometry": { "type": "Point", "coordinates": [ 108792.886551884366781, 338593.935653062013444 ] } },
{ "type": "Feature", "properties": { "fid": 227, "Crossing ID": "728084M", "Street": "25TH STREET", "crossing_position": "At Grade", "Trains per day": 6.0, "Total Incidents (Since 1975)": 3, "Total Fatalities (Since 1975)": 0, "Total Injuries (Since 1975)": 0, "Total Incidents (2015–2025)": 1, "Total Fatalities (2015–2025)": 0, "Total Injuries (2015–2025)": 0, "Latitude": 33.5488468, "Longitude": -86.8184106, "Annual average daily traffic count": 1710.0, "Annual average daily traffic year": 2011.0 }, "geometry": { "type": "Point", "coordinates": [ 108517.357526919236989, 338499.921191089088097 ] } },
{ "type": "Feature", "properties": { "fid": 228, "Crossing ID": "728085U", "Street": "24TH STN27TH A", "crossing_position": "At Grade", "Trains per day": 6.0, "Total Incidents (Since 1975)": 13, "Total Fatalities (Since 1975)": 0, "Total Injuries (Since 1975)": 0, "Total Incidents (2015–2025)": 2, "Total Fatalities (2015–2025)": 0, "Total Injuries (2015–2025)": 0, "Latitude": 33.5484284, "Longitude": -86.8198297, "Annual average daily traffic count": 2840.0, "Annual average daily traffic year": 2011.0 }, "geometry": { "type": "Point", "coordinates": [ 108385.121009779468295, 338454.766654879262205 ] } },
{ "type": "Feature", "properties": { "fid": 229, "Crossing ID": "728087H", "Street": "EIGHTEENTH STREET", "crossing_position": "At Grade", "Trains per day": 6.0, "Total Incidents (Since 1975)": 8, "Total Fatalities (Since 1975)": 0, "Total Injuries (Since 1975)": 3, "Total Incidents (2015–2025)": 0, "Total Fatalities (2015–2025)": 0, "Total Injuries (2015–2025)": 0, "Latitude": 33.5458847, "Longitude": -86.828446, "Annual average daily traffic count": 2160.0, "Annual average daily traffic year": 2011.0 }, "geometry": { "type": "Point", "coordinates": [ 107582.193944527272834, 338180.274159002990928 ] } },
{ "type": "Feature", "properties": { "fid": 230, "Crossing ID": "728088P", "Street": "SIXTEENTH STREET NORTH", "crossing_position": "At Grade", "Trains per day": 6.0, "Total Incidents (Since 1975)": 13, "Total Fatalities (Since 1975)": 0, "Total Injuries (Since 1975)": 3, "Total Incidents (2015–2025)": 0, "Total Fatalities (2015–2025)": 0, "Total Injuries (2015–2025)": 0, "Latitude": 33.5449913, "Longitude": -86.831342, "Annual average daily traffic count": 2458.0, "Annual average daily traffic year": 2022.0 }, "geometry": { "type": "Point", "coordinates": [ 107312.272665393975331, 338083.765996919421013 ] } },
{ "type": "Feature", "properties": { "fid": 231, "Crossing ID": "728090R", "Street": "AVE W", "crossing_position": "At Grade", "Trains per day": 4.0, "Total Incidents (Since 1975)": 2, "Total Fatalities (Since 1975)": 0, "Total Injuries (Since 1975)": 4, "Total Incidents (2015–2025)": 1, "Total Fatalities (2015–2025)": 0, "Total Injuries (2015–2025)": 1, "Latitude": 33.5288622, "Longitude": -86.8790023, "Annual average daily traffic count": 9149.0, "Annual average daily traffic year": 2022.0 }, "geometry": { "type": "Point", "coordinates": [ 102867.698855182723491, 336338.389202688180376 ] } },
{ "type": "Feature", "properties": { "fid": 232, "Crossing ID": "728091X", "Street": "AVE V", "crossing_position": "At Grade", "Trains per day": 4.0, "Total Incidents (Since 1975)": 2, "Total Fatalities (Since 1975)": 0, "Total Injuries (Since 1975)": 2, "Total Incidents (2015–2025)": 1, "Total Fatalities (2015–2025)": 0, "Total Injuries (2015–2025)": 1, "Latitude": 33.528578, "Longitude": -86.879652, "Annual average daily traffic count": 60.0, "Annual average daily traffic year": 2011.0 }, "geometry": { "type": "Point", "coordinates": [ 102807.027389822760597, 336307.47509110433748 ] } },
{ "type": "Feature", "properties": { "fid": 233, "Crossing ID": "728092E", "Street": "AVE U", "crossing_position": "At Grade", "Trains per day": 4.0, "Total Incidents (Since 1975)": 1, "Total Fatalities (Since 1975)": 0, "Total Injuries (Since 1975)": 0, "Total Incidents (2015–2025)": 1, "Total Fatalities (2015–2025)": 0, "Total Injuries (2015–2025)": 0, "Latitude": 33.5281947, "Longitude": -86.8808285, "Annual average daily traffic count": 340.0, "Annual average daily traffic year": 2011.0 }, "geometry": { "type": "Point", "coordinates": [ 102697.307515624765074, 336266.0634229517309 ] } },
{ "type": "Feature", "properties": { "fid": 234, "Crossing ID": "728094T", "Street": "AVE T", "crossing_position": "At Grade", "Trains per day": 4.0, "Total Incidents (Since 1975)": 0, "Total Fatalities (Since 1975)": 0, "Total Injuries (Since 1975)": 0, "Total Incidents (2015–2025)": 0, "Total Fatalities (2015–2025)": 0, "Total Injuries (2015–2025)": 0, "Latitude": 33.5276413, "Longitude": -86.882355, "Annual average daily traffic count": 190.0, "Annual average daily traffic year": 2011.0 }, "geometry": { "type": "Point", "coordinates": [ 102554.882405365497107, 336206.114696156408172 ] } },
{ "type": "Feature", "properties": { "fid": 235, "Crossing ID": "728095A", "Street": "AVE G", "crossing_position": "At Grade", "Trains per day": 4.0, "Total Incidents (Since 1975)": 0, "Total Fatalities (Since 1975)": 0, "Total Injuries (Since 1975)": 0, "Total Incidents (2015–2025)": 0, "Total Fatalities (2015–2025)": 0, "Total Injuries (2015–2025)": 0, "Latitude": 33.5273027, "Longitude": -86.8834555, "Annual average daily traffic count": 400.0, "Annual average daily traffic year": 2011.0 }, "geometry": { "type": "Point", "coordinates": [ 102452.27052362789982, 336169.592377891181968 ] } },
{ "type": "Feature", "properties": { "fid": 236, "Crossing ID": "728096G", "Street": "AVE F", "crossing_position": "At Grade", "Trains per day": 4.0, "Total Incidents (Since 1975)": 1, "Total Fatalities (Since 1975)": 0, "Total Injuries (Since 1975)": 0, "Total Incidents (2015–2025)": 0, "Total Fatalities (2015–2025)": 0, "Total Injuries (2015–2025)": 0, "Latitude": 33.526731, "Longitude": -86.8851177, "Annual average daily traffic count": 2763.0, "Annual average daily traffic year": 2022.0 }, "geometry": { "type": "Point", "coordinates": [ 102297.215726750946487, 336107.745205679966602 ] } },
{ "type": "Feature", "properties": { "fid": 237, "Crossing ID": "728100U", "Street": "CRAWFORD/46TH STREET", "crossing_position": "At Grade", "Trains per day": null, "Total Incidents (Since 1975)": 12, "Total Fatalities (Since 1975)": 0, "Total Injuries (Since 1975)": 1, "Total Incidents (2015–2025)": 0, "Total Fatalities (2015–2025)": 0, "Total Injuries (2015–2025)": 0, "Latitude": 33.49325568, "Longitude": -86.91786947, "Annual average daily traffic count": 10760.0, "Annual average daily traffic year": 2011.0 }, "geometry": { "type": "Point", "coordinates": [ 99215.86415631332784, 332426.08294322603615 ] } },
{ "type": "Feature", "properties": { "fid": 238, "Crossing ID": "728107S", "Street": "8TH AVE N", "crossing_position": "At Grade", "Trains per day": 3.0, "Total Incidents (Since 1975)": 4, "Total Fatalities (Since 1975)": 0, "Total Injuries (Since 1975)": 0, "Total Incidents (2015–2025)": 0, "Total Fatalities (2015–2025)": 0, "Total Injuries (2015–2025)": 0, "Latitude": 33.4078739, "Longitude": -86.95798, "Annual average daily traffic count": 2595.0, "Annual average daily traffic year": 2022.0 }, "geometry": { "type": "Point", "coordinates": [ 95385.805784549214877, 322995.477428457117639 ] } },
{ "type": "Feature", "properties": { "fid": 239, "Crossing ID": "728108Y", "Street": "5TH AVE N", "crossing_position": "At Grade", "Trains per day": 3.0, "Total Incidents (Since 1975)": 1, "Total Fatalities (Since 1975)": 0, "Total Injuries (Since 1975)": 0, "Total Incidents (2015–2025)": 0, "Total Fatalities (2015–2025)": 0, "Total Injuries (2015–2025)": 0, "Latitude": 33.4056447, "Longitude": -86.954063, "Annual average daily traffic count": 4012.0, "Annual average daily traffic year": 2022.0 }, "geometry": { "type": "Point", "coordinates": [ 95747.51897771730728, 322744.293425526353531 ] } },
{ "type": "Feature", "properties": { "fid": 240, "Crossing ID": "728109F", "Street": "4TH AVE N", "crossing_position": "At Grade", "Trains per day": 3.0, "Total Incidents (Since 1975)": 0, "Total Fatalities (Since 1975)": 0, "Total Injuries (Since 1975)": 0, "Total Incidents (2015–2025)": 0, "Total Fatalities (2015–2025)": 0, "Total Injuries (2015–2025)": 0, "Latitude": 33.40506296, "Longitude": -86.95302836, "Annual average daily traffic count": 843.0, "Annual average daily traffic year": 1994.0 }, "geometry": { "type": "Point", "coordinates": [ 95843.073790415597614, 322678.733406702056527 ] } },
{ "type": "Feature", "properties": { "fid": 241, "Crossing ID": "728110A", "Street": "21ST ST N", "crossing_position": "At Grade", "Trains per day": 3.0, "Total Incidents (Since 1975)": 0, "Total Fatalities (Since 1975)": 0, "Total Injuries (Since 1975)": 0, "Total Incidents (2015–2025)": 0, "Total Fatalities (2015–2025)": 0, "Total Injuries (2015–2025)": 0, "Latitude": 33.4046073, "Longitude": -86.9512717, "Annual average daily traffic count": 1008.0, "Annual average daily traffic year": 1988.0 }, "geometry": { "type": "Point", "coordinates": [ 96005.948074304586044, 322626.436951601004694 ] } },
{ "type": "Feature", "properties": { "fid": 242, "Crossing ID": "728112N", "Street": "22ND ST N", "crossing_position": "At Grade", "Trains per day": 2.0, "Total Incidents (Since 1975)": 0, "Total Fatalities (Since 1975)": 0, "Total Injuries (Since 1975)": 0, "Total Incidents (2015–2025)": 0, "Total Fatalities (2015–2025)": 0, "Total Injuries (2015–2025)": 0, "Latitude": 33.4050228, "Longitude": -86.9493086, "Annual average daily traffic count": 1152.0, "Annual average daily traffic year": 2011.0 }, "geometry": { "type": "Point", "coordinates": [ 96189.064947358274367, 322670.5626252500806 ] } },
{ "type": "Feature", "properties": { "fid": 243, "Crossing ID": "728144U", "Street": "EASTERN VALLEY RD", "crossing_position": "At Grade", "Trains per day": 13.0, "Total Incidents (Since 1975)": 8, "Total Fatalities (Since 1975)": 0, "Total Injuries (Since 1975)": 4, "Total Incidents (2015–2025)": 2, "Total Fatalities (2015–2025)": 0, "Total Injuries (2015–2025)": 0, "Latitude": 33.3564437, "Longitude": -86.9761718, "Annual average daily traffic count": 9161.0, "Annual average daily traffic year": 2022.0 }, "geometry": { "type": "Point", "coordinates": [ 93630.916137313382933, 317309.499319699883927 ] } },
{ "type": "Feature", "properties": { "fid": 244, "Crossing ID": "728321W", "Street": "DUNNAVANT ROAD", "crossing_position": "At Grade", "Trains per day": 3.0, "Total Incidents (Since 1975)": 0, "Total Fatalities (Since 1975)": 0, "Total Injuries (Since 1975)": 0, "Total Incidents (2015–2025)": 0, "Total Fatalities (2015–2025)": 0, "Total Injuries (2015–2025)": 0, "Latitude": 33.5257658, "Longitude": -86.5474931, "Annual average daily traffic count": 2727.0, "Annual average daily traffic year": 2022.0 }, "geometry": { "type": "Point", "coordinates": [ 133660.081372638087487, 335733.768849431129638 ] } },
{ "type": "Feature", "properties": { "fid": 245, "Crossing ID": "728324S", "Street": "9TH ST NE", "crossing_position": "At Grade", "Trains per day": 3.0, "Total Incidents (Since 1975)": 2, "Total Fatalities (Since 1975)": 0, "Total Injuries (Since 1975)": 0, "Total Incidents (2015–2025)": 1, "Total Fatalities (2015–2025)": 0, "Total Injuries (2015–2025)": 0, "Latitude": 33.5459828, "Longitude": -86.5385332, "Annual average daily traffic count": 3805.0, "Annual average daily traffic year": 2022.0 }, "geometry": { "type": "Point", "coordinates": [ 134507.657980434916681, 337970.400063751963899 ] } },
{ "type": "Feature", "properties": { "fid": 246, "Crossing ID": "728325Y", "Street": "8TH STREET NE", "crossing_position": "At Grade", "Trains per day": 3.0, "Total Incidents (Since 1975)": 0, "Total Fatalities (Since 1975)": 0, "Total Injuries (Since 1975)": 0, "Total Incidents (2015–2025)": 0, "Total Fatalities (2015–2025)": 0, "Total Injuries (2015–2025)": 0, "Latitude": 33.5466037, "Longitude": -86.5399117, "Annual average daily traffic count": 550.0, "Annual average daily traffic year": 2022.0 }, "geometry": { "type": "Point", "coordinates": [ 134380.10226800350938, 338040.137544144527055 ] } },
{ "type": "Feature", "properties": { "fid": 247, "Crossing ID": "728327M", "Street": "MOORES STREET NE", "crossing_position": "At Grade", "Trains per day": 3.0, "Total Incidents (Since 1975)": 0, "Total Fatalities (Since 1975)": 0, "Total Injuries (Since 1975)": 0, "Total Incidents (2015–2025)": 0, "Total Fatalities (2015–2025)": 0, "Total Injuries (2015–2025)": 0, "Latitude": 33.5503014, "Longitude": -86.5499471, "Annual average daily traffic count": 2960.0, "Annual average daily traffic year": 2011.0 }, "geometry": { "type": "Point", "coordinates": [ 133450.928416784736328, 338456.657552765856963 ] } },
{ "type": "Feature", "properties": { "fid": 248, "Crossing ID": "843897N", "Street": "2ND ST W", "crossing_position": "At Grade", "Trains per day": 4.0, "Total Incidents (Since 1975)": 3, "Total Fatalities (Since 1975)": 0, "Total Injuries (Since 1975)": 1, "Total Incidents (2015–2025)": 0, "Total Fatalities (2015–2025)": 0, "Total Injuries (2015–2025)": 0, "Latitude": 33.5317261, "Longitude": -86.8596297, "Annual average daily traffic count": 2080.0, "Annual average daily traffic year": 2011.0 }, "geometry": { "type": "Point", "coordinates": [ 104670.441888654750073, 336638.07449602446286 ] } },
{ "type": "Feature", "properties": { "fid": 249, "Crossing ID": "843898V", "Street": "AVE W PRATT CITY", "crossing_position": "At Grade", "Trains per day": 4.0, "Total Incidents (Since 1975)": 0, "Total Fatalities (Since 1975)": 0, "Total Injuries (Since 1975)": 0, "Total Incidents (2015–2025)": 0, "Total Fatalities (2015–2025)": 0, "Total Injuries (2015–2025)": 0, "Latitude": 33.5286872, "Longitude": -86.8789599, "Annual average daily traffic count": 9149.0, "Annual average daily traffic year": 2022.0 }, "geometry": { "type": "Point", "coordinates": [ 102871.441781310481019, 336318.939072890090756 ] } },
{ "type": "Feature", "properties": { "fid": 250, "Crossing ID": "843899C", "Street": "AVE V PRATT CITY", "crossing_position": "At Grade", "Trains per day": 4.0, "Total Incidents (Since 1975)": 0, "Total Fatalities (Since 1975)": 0, "Total Injuries (Since 1975)": 0, "Total Incidents (2015–2025)": 0, "Total Fatalities (2015–2025)": 0, "Total Injuries (2015–2025)": 0, "Latitude": 33.5284658, "Longitude": -86.8796346, "Annual average daily traffic count": 60.0, "Annual average daily traffic year": 2011.0 }, "geometry": { "type": "Point", "coordinates": [ 102808.51814699562965, 336295.013928455184214 ] } },
{ "type": "Feature", "properties": { "fid": 251, "Crossing ID": "843900U", "Street": "AVE U", "crossing_position": "At Grade", "Trains per day": 4.0, "Total Incidents (Since 1975)": 1, "Total Fatalities (Since 1975)": 0, "Total Injuries (Since 1975)": 0, "Total Incidents (2015–2025)": 0, "Total Fatalities (2015–2025)": 0, "Total Injuries (2015–2025)": 0, "Latitude": 33.5280635, "Longitude": -86.8808659, "Annual average daily traffic count": 340.0, "Annual average daily traffic year": 2011.0 }, "geometry": { "type": "Point", "coordinates": [ 102693.686201318254462, 336251.546215102134738 ] } },
{ "type": "Feature", "properties": { "fid": 252, "Crossing ID": "843901B", "Street": "AVE T PRATT CITY", "crossing_position": "At Grade", "Trains per day": 4.0, "Total Incidents (Since 1975)": 2, "Total Fatalities (Since 1975)": 0, "Total Injuries (Since 1975)": 0, "Total Incidents (2015–2025)": 0, "Total Fatalities (2015–2025)": 0, "Total Injuries (2015–2025)": 0, "Latitude": 33.5275436, "Longitude": -86.8823941, "Annual average daily traffic count": 190.0, "Annual average daily traffic year": 2011.0 }, "geometry": { "type": "Point", "coordinates": [ 102551.140534000602202, 336195.314847052097321 ] } },
{ "type": "Feature", "properties": { "fid": 253, "Crossing ID": "843902H", "Street": "AVE G PRATT CITY", "crossing_position": "At Grade", "Trains per day": 4.0, "Total Incidents (Since 1975)": 1, "Total Fatalities (Since 1975)": 0, "Total Injuries (Since 1975)": 0, "Total Incidents (2015–2025)": 0, "Total Fatalities (2015–2025)": 0, "Total Injuries (2015–2025)": 0, "Latitude": 33.5271654, "Longitude": -86.8834946, "Annual average daily traffic count": 400.0, "Annual average daily traffic year": 2011.0 }, "geometry": { "type": "Point", "coordinates": [ 102448.484029899991583, 336154.400260201247875 ] } },
{ "type": "Feature", "properties": { "fid": 254, "Crossing ID": "843903P", "Street": "AVE F PRATT CITY", "crossing_position": "At Grade", "Trains per day": 4.0, "Total Incidents (Since 1975)": 5, "Total Fatalities (Since 1975)": 0, "Total Injuries (Since 1975)": 1, "Total Incidents (2015–2025)": 0, "Total Fatalities (2015–2025)": 0, "Total Injuries (2015–2025)": 0, "Latitude": 33.52661, "Longitude": -86.8851096, "Annual average daily traffic count": 2763.0, "Annual average daily traffic year": 2022.0 }, "geometry": { "type": "Point", "coordinates": [ 102297.832028204458766, 336094.316641811921727 ] } },
{ "type": "Feature", "properties": { "fid": 255, "Crossing ID": "843915J", "Street": "18TH AVE N", "crossing_position": "At Grade", "Trains per day": 2.0, "Total Incidents (Since 1975)": 1, "Total Fatalities (Since 1975)": 0, "Total Injuries (Since 1975)": 0, "Total Incidents (2015–2025)": 0, "Total Fatalities (2015–2025)": 0, "Total Injuries (2015–2025)": 0, "Latitude": 33.4227081, "Longitude": -86.9607253, "Annual average daily traffic count": 738.0, "Annual average daily traffic year": 2022.0 }, "geometry": { "type": "Point", "coordinates": [ 95148.255919673276367, 324643.590343672258314 ] } },
{ "type": "Feature", "properties": { "fid": 256, "Crossing ID": "843917X", "Street": "12TH AVE N/ BRIGHTON RD", "crossing_position": "At Grade", "Trains per day": 2.0, "Total Incidents (Since 1975)": 3, "Total Fatalities (Since 1975)": 0, "Total Injuries (Since 1975)": 1, "Total Incidents (2015–2025)": 0, "Total Fatalities (2015–2025)": 0, "Total Injuries (2015–2025)": 0, "Latitude": 33.4217192, "Longitude": -86.9549176, "Annual average daily traffic count": 4485.0, "Annual average daily traffic year": 2022.0 }, "geometry": { "type": "Point", "coordinates": [ 95687.238606325568981, 324528.067043180402834 ] } },
{ "type": "Feature", "properties": { "fid": 257, "Crossing ID": "843919L", "Street": "6TH AVE N", "crossing_position": "At Grade", "Trains per day": 2.0, "Total Incidents (Since 1975)": 0, "Total Fatalities (Since 1975)": 0, "Total Injuries (Since 1975)": 0, "Total Incidents (2015–2025)": 0, "Total Fatalities (2015–2025)": 0, "Total Injuries (2015–2025)": 0, "Latitude": 33.4199357, "Longitude": -86.94446, "Annual average daily traffic count": 280.0, "Annual average daily traffic year": 2011.0 }, "geometry": { "type": "Point", "coordinates": [ 96657.781064807903022, 324319.811880996508989 ] } },
{ "type": "Feature", "properties": { "fid": 258, "Crossing ID": "843920F", "Street": "5TH AVE N", "crossing_position": "At Grade", "Trains per day": 2.0, "Total Incidents (Since 1975)": 0, "Total Fatalities (Since 1975)": 0, "Total Injuries (Since 1975)": 0, "Total Incidents (2015–2025)": 0, "Total Fatalities (2015–2025)": 0, "Total Injuries (2015–2025)": 0, "Latitude": 33.41963, "Longitude": -86.9427495, "Annual average daily traffic count": 2740.0, "Annual average daily traffic year": 2011.0 }, "geometry": { "type": "Point", "coordinates": [ 96816.515215223291307, 324284.207181128673255 ] } },
{ "type": "Feature", "properties": { "fid": 259, "Crossing ID": "843927D", "Street": "TIN MILL RD", "crossing_position": "At Grade", "Trains per day": 9.0, "Total Incidents (Since 1975)": 7, "Total Fatalities (Since 1975)": 0, "Total Injuries (Since 1975)": 13, "Total Incidents (2015–2025)": 0, "Total Fatalities (2015–2025)": 0, "Total Injuries (2015–2025)": 0, "Latitude": 33.4917586, "Longitude": -86.9390235, "Annual average daily traffic count": 3442.0, "Annual average daily traffic year": 2022.0 }, "geometry": { "type": "Point", "coordinates": [ 97248.192553268410848, 332280.761426196841057 ] } },
{ "type": "Feature", "properties": { "fid": 260, "Crossing ID": "843929S", "Street": "NEW MULGA LOOP ROAD", "crossing_position": "At Grade", "Trains per day": 4.0, "Total Incidents (Since 1975)": 1, "Total Fatalities (Since 1975)": 0, "Total Injuries (Since 1975)": 0, "Total Incidents (2015–2025)": 0, "Total Fatalities (2015–2025)": 0, "Total Injuries (2015–2025)": 0, "Latitude": 33.5194326, "Longitude": -86.9589259, "Annual average daily traffic count": 1128.0, "Annual average daily traffic year": 2022.0 }, "geometry": { "type": "Point", "coordinates": [ 95431.873853564407909, 335370.163675660849549 ] } },
{ "type": "Feature", "properties": { "fid": 261, "Crossing ID": "843930L", "Street": "OLD MULGA LOOP RD", "crossing_position": "At Grade", "Trains per day": 4.0, "Total Incidents (Since 1975)": 0, "Total Fatalities (Since 1975)": 0, "Total Injuries (Since 1975)": 0, "Total Incidents (2015–2025)": 0, "Total Fatalities (2015–2025)": 0, "Total Injuries (2015–2025)": 0, "Latitude": 33.5262011, "Longitude": -86.9643056, "Annual average daily traffic count": 80.0, "Annual average daily traffic year": 2011.0 }, "geometry": { "type": "Point", "coordinates": [ 94940.261450109872385, 336126.346004205930512 ] } },
{ "type": "Feature", "properties": { "fid": 262, "Crossing ID": "843931T", "Street": "TARPLEY RD", "crossing_position": "At Grade", "Trains per day": 4.0, "Total Incidents (Since 1975)": 2, "Total Fatalities (Since 1975)": 1, "Total Injuries (Since 1975)": 1, "Total Incidents (2015–2025)": 0, "Total Fatalities (2015–2025)": 0, "Total Injuries (2015–2025)": 0, "Latitude": 33.5460172, "Longitude": -86.9711087, "Annual average daily traffic count": 140.0, "Annual average daily traffic year": 2011.0 }, "geometry": { "type": "Point", "coordinates": [ 94332.396668760833563, 338331.224280232796445 ] } },
{ "type": "Feature", "properties": { "fid": 263, "Crossing ID": "843933G", "Street": "4TH AVE", "crossing_position": "At Grade", "Trains per day": 4.0, "Total Incidents (Since 1975)": 0, "Total Fatalities (Since 1975)": 0, "Total Injuries (Since 1975)": 0, "Total Incidents (2015–2025)": 0, "Total Fatalities (2015–2025)": 0, "Total Injuries (2015–2025)": 0, "Latitude": 33.5471104, "Longitude": -86.9741037, "Annual average daily traffic count": 570.0, "Annual average daily traffic year": 2011.0 }, "geometry": { "type": "Point", "coordinates": [ 94055.565509738225956, 338455.536392615409568 ] } },
{ "type": "Feature", "properties": { "fid": 264, "Crossing ID": "843934N", "Street": "1ST AVE", "crossing_position": "At Grade", "Trains per day": 4.0, "Total Incidents (Since 1975)": 1, "Total Fatalities (Since 1975)": 0, "Total Injuries (Since 1975)": 0, "Total Incidents (2015–2025)": 0, "Total Fatalities (2015–2025)": 0, "Total Injuries (2015–2025)": 0, "Latitude": 33.5482857, "Longitude": -86.9777684, "Annual average daily traffic count": 790.0, "Annual average daily traffic year": 2022.0 }, "geometry": { "type": "Point", "coordinates": [ 93716.643773734642309, 338589.649340297561139 ] } },
{ "type": "Feature", "properties": { "fid": 265, "Crossing ID": "843935V", "Street": "DEPOT ST", "crossing_position": "At Grade", "Trains per day": 5.0, "Total Incidents (Since 1975)": 0, "Total Fatalities (Since 1975)": 0, "Total Injuries (Since 1975)": 0, "Total Incidents (2015–2025)": 0, "Total Fatalities (2015–2025)": 0, "Total Injuries (2015–2025)": 0, "Latitude": 33.5466165, "Longitude": -86.9848529, "Annual average daily traffic count": 10.0, "Annual average daily traffic year": 2011.0 }, "geometry": { "type": "Point", "coordinates": [ 93056.616304314768058, 338411.787941609043628 ] } },
{ "type": "Feature", "properties": { "fid": 266, "Crossing ID": "843941Y", "Street": "SHORT CREEK RD", "crossing_position": "At Grade", "Trains per day": 5.0, "Total Incidents (Since 1975)": 0, "Total Fatalities (Since 1975)": 0, "Total Injuries (Since 1975)": 0, "Total Incidents (2015–2025)": 0, "Total Fatalities (2015–2025)": 0, "Total Injuries (2015–2025)": 0, "Latitude": 33.5564019, "Longitude": -87.0919699, "Annual average daily traffic count": 294.0, "Annual average daily traffic year": 2022.0 }, "geometry": { "type": "Point", "coordinates": [ 83121.119636689763865, 339612.819336162647232 ] } },
{ "type": "Feature", "properties": { "fid": 267, "Crossing ID": "843943M", "Street": "BIRMINGPORT RD", "crossing_position": "At Grade", "Trains per day": 6.0, "Total Incidents (Since 1975)": 6, "Total Fatalities (Since 1975)": 0, "Total Injuries (Since 1975)": 2, "Total Incidents (2015–2025)": 0, "Total Fatalities (2015–2025)": 0, "Total Injuries (2015–2025)": 0, "Latitude": 33.5605871, "Longitude": -87.1070043, "Annual average daily traffic count": 1504.0, "Annual average daily traffic year": 2022.0 }, "geometry": { "type": "Point", "coordinates": [ 81730.626661794405663, 340094.100716420682147 ] } },
{ "type": "Feature", "properties": { "fid": 268, "Crossing ID": "844379W", "Street": "9TH AVE WYLAM", "crossing_position": "At Grade", "Trains per day": 2.0, "Total Incidents (Since 1975)": 0, "Total Fatalities (Since 1975)": 0, "Total Injuries (Since 1975)": 0, "Total Incidents (2015–2025)": 0, "Total Fatalities (2015–2025)": 0, "Total Injuries (2015–2025)": 0, "Latitude": 33.5035094, "Longitude": -86.9237172, "Annual average daily traffic count": 210.0, "Annual average daily traffic year": 2011.0 }, "geometry": { "type": "Point", "coordinates": [ 98684.367309967215988, 333569.084452857263386 ] } },
{ "type": "Feature", "properties": { "fid": 269, "Crossing ID": "877465K", "Street": "CLEAGE DR", "crossing_position": "At Grade", "Trains per day": 0.0, "Total Incidents (Since 1975)": 2, "Total Fatalities (Since 1975)": 0, "Total Injuries (Since 1975)": 1, "Total Incidents (2015–2025)": 0, "Total Fatalities (2015–2025)": 0, "Total Injuries (2015–2025)": 0, "Latitude": 33.6260137, "Longitude": -86.7404394, "Annual average daily traffic count": 470.0, "Annual average daily traffic year": 2011.0 }, "geometry": { "type": "Point", "coordinates": [ 115833.672487588104559, 346992.890864741872065 ] } },
{ "type": "Feature", "properties": { "fid": 270, "Crossing ID": "904301U", "Street": "CARRINGTON DR", "crossing_position": "At Grade", "Trains per day": 13.0, "Total Incidents (Since 1975)": 0, "Total Fatalities (Since 1975)": 0, "Total Injuries (Since 1975)": 0, "Total Incidents (2015–2025)": 0, "Total Fatalities (2015–2025)": 0, "Total Injuries (2015–2025)": 0, "Latitude": 33.6656433, "Longitude": -86.5408703, "Annual average daily traffic count": 4360.0, "Annual average daily traffic year": 2011.0 }, "geometry": { "type": "Point", "coordinates": [ 134381.341914752498269, 351243.915646183595527 ] } },
{ "type": "Feature", "properties": { "fid": 271, "Crossing ID": "904930G", "Street": "COMMERCE DR", "crossing_position": "At Grade", "Trains per day": 13.0, "Total Incidents (Since 1975)": 1, "Total Fatalities (Since 1975)": 0, "Total Injuries (Since 1975)": 0, "Total Incidents (2015–2025)": 0, "Total Fatalities (2015–2025)": 0, "Total Injuries (2015–2025)": 0, "Latitude": 33.6457544, "Longitude": -86.568387, "Annual average daily traffic count": 2800.0, "Annual average daily traffic year": 2011.0 }, "geometry": { "type": "Point", "coordinates": [ 131813.628895196015947, 349055.741883807699196 ] } },
{ "type": "Feature", "properties": { "fid": 272, "Crossing ID": "913243A", "Street": "WOODWARD RD", "crossing_position": "At Grade", "Trains per day": 0.0, "Total Incidents (Since 1975)": 0, "Total Fatalities (Since 1975)": 0, "Total Injuries (Since 1975)": 0, "Total Incidents (2015–2025)": 0, "Total Fatalities (2015–2025)": 0, "Total Injuries (2015–2025)": 0, "Latitude": 33.4461027, "Longitude": -86.963884, "Annual average daily traffic count": 130.0, "Annual average daily traffic year": 2011.0 }, "geometry": { "type": "Point", "coordinates": [ 94882.681886848600698, 327241.622234337788541 ] } },
{ "type": "Feature", "properties": { "fid": 273, "Crossing ID": "913246V", "Street": "BIRMINGPORT RD / WGN TRK", "crossing_position": "At Grade", "Trains per day": 1.0, "Total Incidents (Since 1975)": 0, "Total Fatalities (Since 1975)": 0, "Total Injuries (Since 1975)": 0, "Total Incidents (2015–2025)": 0, "Total Fatalities (2015–2025)": 0, "Total Injuries (2015–2025)": 0, "Latitude": 33.5676819, "Longitude": -87.1105079, "Annual average daily traffic count": 1522.0, "Annual average daily traffic year": 2022.0 }, "geometry": { "type": "Point", "coordinates": [ 81414.977350450673839, 340885.06761157134315 ] } },
{ "type": "Feature", "properties": { "fid": 274, "Crossing ID": "913252Y", "Street": "ERIE ST", "crossing_position": "At Grade", "Trains per day": 0.0, "Total Incidents (Since 1975)": 0, "Total Fatalities (Since 1975)": 0, "Total Injuries (Since 1975)": 0, "Total Incidents (2015–2025)": 0, "Total Fatalities (2015–2025)": 0, "Total Injuries (2015–2025)": 0, "Latitude": 33.4937861, "Longitude": -86.9188484, "Annual average daily traffic count": 10760.0, "Annual average daily traffic year": 2011.0 }, "geometry": { "type": "Point", "coordinates": [ 99125.504693475319073, 332485.865883897466119 ] } },
{ "type": "Feature", "properties": { "fid": 275, "Crossing ID": "913278B", "Street": "PATTERSON AVE", "crossing_position": "At Grade", "Trains per day": 2.0, "Total Incidents (Since 1975)": 0, "Total Fatalities (Since 1975)": 0, "Total Injuries (Since 1975)": 0, "Total Incidents (2015–2025)": 0, "Total Fatalities (2015–2025)": 0, "Total Injuries (2015–2025)": 0, "Latitude": 33.4591158, "Longitude": -86.9856478, "Annual average daily traffic count": 40.0, "Annual average daily traffic year": 2011.0 }, "geometry": { "type": "Point", "coordinates": [ 92875.005120783738676, 328707.21202564809937 ] } },
{ "type": "Feature", "properties": { "fid": 276, "Crossing ID": "913279H", "Street": "CHERRY AVE", "crossing_position": "At Grade", "Trains per day": 2.0, "Total Incidents (Since 1975)": 0, "Total Fatalities (Since 1975)": 0, "Total Injuries (Since 1975)": 0, "Total Incidents (2015–2025)": 0, "Total Fatalities (2015–2025)": 0, "Total Injuries (2015–2025)": 0, "Latitude": 33.4636567, "Longitude": -86.9964023, "Annual average daily traffic count": 10.0, "Annual average daily traffic year": 2011.0 }, "geometry": { "type": "Point", "coordinates": [ 91880.796231498927227, 329222.012787739920896 ] } },
{ "type": "Feature", "properties": { "fid": 277, "Crossing ID": "913280C", "Street": "PINEWOOD AVE", "crossing_position": "At Grade", "Trains per day": 2.0, "Total Incidents (Since 1975)": 0, "Total Fatalities (Since 1975)": 0, "Total Injuries (Since 1975)": 0, "Total Incidents (2015–2025)": 0, "Total Fatalities (2015–2025)": 0, "Total Injuries (2015–2025)": 0, "Latitude": 33.4638699, "Longitude": -87.002963, "Annual average daily traffic count": 804.0, "Annual average daily traffic year": 2022.0 }, "geometry": { "type": "Point", "coordinates": [ 91271.145995087659685, 329252.505879416537937 ] } },
{ "type": "Feature", "properties": { "fid": 278, "Crossing ID": "913281J", "Street": "PINEWOOD CT", "crossing_position": "At Grade", "Trains per day": 2.0, "Total Incidents (Since 1975)": 0, "Total Fatalities (Since 1975)": 0, "Total Injuries (Since 1975)": 0, "Total Incidents (2015–2025)": 0, "Total Fatalities (2015–2025)": 0, "Total Injuries (2015–2025)": 0, "Latitude": 33.4650383, "Longitude": -87.0068895, "Annual average daily traffic count": 20.0, "Annual average daily traffic year": 2011.0 }, "geometry": { "type": "Point", "coordinates": [ 90907.583586125867441, 329386.217625409190077 ] } },
{ "type": "Feature", "properties": { "fid": 279, "Crossing ID": "913282R", "Street": "HOWELL LN", "crossing_position": "At Grade", "Trains per day": 2.0, "Total Incidents (Since 1975)": 0, "Total Fatalities (Since 1975)": 0, "Total Injuries (Since 1975)": 0, "Total Incidents (2015–2025)": 0, "Total Fatalities (2015–2025)": 0, "Total Injuries (2015–2025)": 0, "Latitude": 33.4658883, "Longitude": -87.0095072, "Annual average daily traffic count": 10.0, "Annual average daily traffic year": 2011.0 }, "geometry": { "type": "Point", "coordinates": [ 90665.300146099965787, 329483.249121808912605 ] } },
{ "type": "Feature", "properties": { "fid": 280, "Crossing ID": "914876T", "Street": "DAVEY ALLISON BLVD", "crossing_position": "At Grade", "Trains per day": 4.0, "Total Incidents (Since 1975)": 0, "Total Fatalities (Since 1975)": 0, "Total Injuries (Since 1975)": 0, "Total Incidents (2015–2025)": 0, "Total Fatalities (2015–2025)": 0, "Total Injuries (2015–2025)": 0, "Latitude": 33.437951, "Longitude": -86.9701815, "Annual average daily traffic count": 2490.0, "Annual average daily traffic year": 2011.0 }, "geometry": { "type": "Point", "coordinates": [ 94287.230329918340431, 326343.848374077642802 ] } },
{ "type": "Feature", "properties": { "fid": 281, "Crossing ID": "916977L", "Street": "LITTLETON KILGORE RD", "crossing_position": "At Grade", "Trains per day": 2.0, "Total Incidents (Since 1975)": 0, "Total Fatalities (Since 1975)": 0, "Total Injuries (Since 1975)": 0, "Total Incidents (2015–2025)": 0, "Total Fatalities (2015–2025)": 0, "Total Injuries (2015–2025)": 0, "Latitude": 33.6814096, "Longitude": -87.019726, "Annual average daily traffic count": 20.0, "Annual average daily traffic year": 2011.0 }, "geometry": { "type": "Point", "coordinates": [ 89989.232009798797662, 353399.613958800502587 ] } },
{ "type": "Feature", "properties": { "fid": 282, "Crossing ID": "922880D", "Street": "DAVEY ALLISON BLVD", "crossing_position": "At Grade", "Trains per day": 3.0, "Total Incidents (Since 1975)": 0, "Total Fatalities (Since 1975)": 0, "Total Injuries (Since 1975)": 0, "Total Incidents (2015–2025)": 0, "Total Fatalities (2015–2025)": 0, "Total Injuries (2015–2025)": 0, "Latitude": 33.437808, "Longitude": -86.96994, "Annual average daily traffic count": 2490.0, "Annual average daily traffic year": 2011.0 }, "geometry": { "type": "Point", "coordinates": [ 94309.514602302311687, 326327.741840052243788 ] } },
{ "type": "Feature", "properties": { "fid": 283, "Crossing ID": "925343N", "Street": "VULCAN RD", "crossing_position": "At Grade", "Trains per day": 0.0, "Total Incidents (Since 1975)": 0, "Total Fatalities (Since 1975)": 0, "Total Injuries (Since 1975)": 0, "Total Incidents (2015–2025)": 0, "Total Fatalities (2015–2025)": 0, "Total Injuries (2015–2025)": 0, "Latitude": 33.3460747, "Longitude": -86.9680544, "Annual average daily traffic count": 438.0, "Annual average daily traffic year": 2022.0 }, "geometry": { "type": "Point", "coordinates": [ 94373.955373187927762, 316151.165257268177811 ] } },
{ "type": "Feature", "properties": { "fid": 284, "Crossing ID": "925345C", "Street": "HOPEWELL RD", "crossing_position": "At Grade", "Trains per day": 0.0, "Total Incidents (Since 1975)": 0, "Total Fatalities (Since 1975)": 0, "Total Injuries (Since 1975)": 0, "Total Incidents (2015–2025)": 0, "Total Fatalities (2015–2025)": 0, "Total Injuries (2015–2025)": 0, "Latitude": 33.3468494, "Longitude": -86.9642734, "Annual average daily traffic count": 1271.0, "Annual average daily traffic year": 2022.0 }, "geometry": { "type": "Point", "coordinates": [ 94726.861973920924356, 316233.265814408892766 ] } },
{ "type": "Feature", "properties": { "fid": 285, "Crossing ID": "928696L", "Street": "THOMASON AVE", "crossing_position": "At Grade", "Trains per day": 0.0, "Total Incidents (Since 1975)": 0, "Total Fatalities (Since 1975)": 0, "Total Injuries (Since 1975)": 0, "Total Incidents (2015–2025)": 0, "Total Fatalities (2015–2025)": 0, "Total Injuries (2015–2025)": 0, "Latitude": 33.5835848, "Longitude": -86.7781911, "Annual average daily traffic count": 50.0, "Annual average daily traffic year": 2011.0 }, "geometry": { "type": "Point", "coordinates": [ 112287.764794458125834, 342318.164226428081747 ] } },
{ "type": "Feature", "properties": { "fid": 286, "Crossing ID": "929589A", "Street": "CARDINAL ST", "crossing_position": "At Grade", "Trains per day": 0.0, "Total Incidents (Since 1975)": 0, "Total Fatalities (Since 1975)": 0, "Total Injuries (Since 1975)": 0, "Total Incidents (2015–2025)": 0, "Total Fatalities (2015–2025)": 0, "Total Injuries (2015–2025)": 0, "Latitude": 33.64758293, "Longitude": -86.56491144, "Annual average daily traffic count": 100.0, "Annual average daily traffic year": 2011.0 }, "geometry": { "type": "Point", "coordinates": [ 132137.4779681134969, 349256.26720766746439 ] } },
{ "type": "Feature", "properties": { "fid": 287, "Crossing ID": "929590U", "Street": "CARDINAL ST", "crossing_position": "At Grade", "Trains per day": 0.0, "Total Incidents (Since 1975)": 0, "Total Fatalities (Since 1975)": 0, "Total Injuries (Since 1975)": 0, "Total Incidents (2015–2025)": 0, "Total Fatalities (2015–2025)": 0, "Total Injuries (2015–2025)": 0, "Latitude": 33.6459128, "Longitude": -86.5678104, "Annual average daily traffic count": 100.0, "Annual average daily traffic year": 2011.0 }, "geometry": { "type": "Point", "coordinates": [ 131867.242602495738538, 349072.930801047303248 ] } },
{ "type": "Feature", "properties": { "fid": 288, "Crossing ID": "929592H", "Street": "SOUTHERN IND DR", "crossing_position": "At Grade", "Trains per day": 0.0, "Total Incidents (Since 1975)": 0, "Total Fatalities (Since 1975)": 0, "Total Injuries (Since 1975)": 0, "Total Incidents (2015–2025)": 0, "Total Fatalities (2015–2025)": 0, "Total Injuries (2015–2025)": 0, "Latitude": 33.6073353, "Longitude": -86.6230683, "Annual average daily traffic count": 100.0, "Annual average daily traffic year": 2011.0 }, "geometry": { "type": "Point", "coordinates": [ 126708.511374734065612, 344831.87242539372528 ] } },
{ "type": "Feature", "properties": { "fid": 289, "Crossing ID": "935129L", "Street": "64TH PL S/ ANTWERP", "crossing_position": "At Grade", "Trains per day": 26.0, "Total Incidents (Since 1975)": 0, "Total Fatalities (Since 1975)": 0, "Total Injuries (Since 1975)": 0, "Total Incidents (2015–2025)": 0, "Total Fatalities (2015–2025)": 0, "Total Injuries (2015–2025)": 0, "Latitude": 33.5411754, "Longitude": -86.7382126, "Annual average daily traffic count": 2436.0, "Annual average daily traffic year": 2011.0 }, "geometry": { "type": "Point", "coordinates": [ 115958.047604819905246, 337581.175442503183149 ] } },
{ "type": "Feature", "properties": { "fid": 290, "Crossing ID": "983104V", "Street": "Sloss main entrance", "crossing_position": "At Grade", "Trains per day": 2.0, "Total Incidents (Since 1975)": 0, "Total Fatalities (Since 1975)": 0, "Total Injuries (Since 1975)": 0, "Total Incidents (2015–2025)": 0, "Total Fatalities (2015–2025)": 0, "Total Injuries (2015–2025)": 0, "Latitude": 33.5213008, "Longitude": -86.7886351, "Annual average daily traffic count": 10.0, "Annual average daily traffic year": 2024.0 }, "geometry": { "type": "Point", "coordinates": [ 111254.505524919368327, 335418.769737233698834 ] } },
{ "type": "Feature", "properties": { "fid": 291, "Crossing ID": "983105C", "Street": "Sloss spray pond access", "crossing_position": "At Grade", "Trains per day": 2.0, "Total Incidents (Since 1975)": 0, "Total Fatalities (Since 1975)": 0, "Total Injuries (Since 1975)": 0, "Total Incidents (2015–2025)": 0, "Total Fatalities (2015–2025)": 0, "Total Injuries (2015–2025)": 0, "Latitude": 33.5220497, "Longitude": -86.7891417, "Annual average daily traffic count": 10.0, "Annual average daily traffic year": 2024.0 }, "geometry": { "type": "Point", "coordinates": [ 111208.207448068118538, 335502.267579834850039 ] } },
{ "type": "Feature", "properties": { "fid": 292, "Crossing ID": "983106J", "Street": "Sloss viaduct entrance", "crossing_position": "At Grade", "Trains per day": 2.0, "Total Incidents (Since 1975)": 0, "Total Fatalities (Since 1975)": 0, "Total Injuries (Since 1975)": 0, "Total Incidents (2015–2025)": 0, "Total Fatalities (2015–2025)": 0, "Total Injuries (2015–2025)": 0, "Latitude": 33.5223348, "Longitude": -86.789319, "Annual average daily traffic count": 10.0, "Annual average daily traffic year": 2024.0 }, "geometry": { "type": "Point", "coordinates": [ 111192.027749484419473, 335534.041265238192864 ] } },
{ "type": "Feature", "properties": { "fid": 293, "Crossing ID": "983107R", "Street": "Sloss Field Entry", "crossing_position": "At Grade", "Trains per day": 2.0, "Total Incidents (Since 1975)": 0, "Total Fatalities (Since 1975)": 0, "Total Injuries (Since 1975)": 0, "Total Incidents (2015–2025)": 0, "Total Fatalities (2015–2025)": 0, "Total Injuries (2015–2025)": 0, "Latitude": 33.5231901, "Longitude": -86.7899255, "Annual average daily traffic count": 20.0, "Annual average daily traffic year": 2024.0 }, "geometry": { "type": "Point", "coordinates": [ 111136.559035144222435, 335629.426385997445323 ] } }
]
}
